ID,TableNumber,Generation,Name
3090,3,09,'N/A'
3091,3,09,'Master Ball'
3092,3,09,'Ultra Ball'
3093,3,09,'Great Ball'
3094,3,09,'Poké Ball'
3095,3,09,'Safari Ball'
3096,3,09,'Net Ball'
3097,3,09,'Dive Ball'
3098,3,09,'Nest Ball'
3099,3,09,'Repeat Ball'
30910,3,09,'Timer Ball'
30911,3,09,'Luxury Ball'
30912,3,09,'Premier Ball'
30913,3,09,'Dusk Ball'
30914,3,09,'Heal Ball'
30915,3,09,'Quick Ball'
30916,3,09,'Cherish Ball'
30917,3,09,'Potion'
30918,3,09,'Antidote'
30919,3,09,'Burn Heal'
30920,3,09,'Ice Heal'
30921,3,09,'Awakening'
30922,3,09,'Paralyze Heal'
30923,3,09,'Full Restore'
30924,3,09,'Max Potion'
30925,3,09,'Hyper Potion'
30926,3,09,'Super Potion'
30927,3,09,'Full Heal'
30928,3,09,'Revive'
30929,3,09,'Max Revive'
30930,3,09,'Fresh Water'
30931,3,09,'Soda Pop'
30932,3,09,'Lemonade'
30933,3,09,'Moomoo Milk'
30934,3,09,'Energy Powder'
30935,3,09,'Energy Root'
30936,3,09,'Heal Powder'
30937,3,09,'Revival Herb'
30938,3,09,'Ether'
30939,3,09,'Max Ether'
30940,3,09,'Elixir'
30941,3,09,'Max Elixir'
30942,3,09,'Lava Cookie'
30943,3,09,'Berry Juice'
30944,3,09,'Sacred Ash'
30945,3,09,'HP Up'
30946,3,09,'Protein'
30947,3,09,'Iron'
30948,3,09,'Carbos'
30949,3,09,'Calcium'
30950,3,09,'Rare Candy'
30951,3,09,'PP Up'
30952,3,09,'Zinc'
30953,3,09,'PP Max'
30954,3,09,'Old Gateau'
30955,3,09,'Guard Spec.'
30956,3,09,'Dire Hit'
30957,3,09,'X Attack'
30958,3,09,'X Defense'
30959,3,09,'X Speed'
30960,3,09,'X Accuracy'
30961,3,09,'X Sp. Atk'
30962,3,09,'X Sp. Def'
30963,3,09,'Poké Doll'
30964,3,09,'Fluffy Tail'
30965,3,09,'Blue Flute'
30966,3,09,'Yellow Flute'
30967,3,09,'Red Flute'
30968,3,09,'Black Flute'
30969,3,09,'White Flute'
30970,3,09,'Shoal Salt'
30971,3,09,'Shoal Shell'
30972,3,09,'Red Shard'
30973,3,09,'Blue Shard'
30974,3,09,'Yellow Shard'
30975,3,09,'Green Shard'
30976,3,09,'Super Repel'
30977,3,09,'Max Repel'
30978,3,09,'Escape Rope'
30979,3,09,'Repel'
30980,3,09,'Sun Stone'
30981,3,09,'Moon Stone'
30982,3,09,'Fire Stone'
30983,3,09,'Thunder Stone'
30984,3,09,'Water Stone'
30985,3,09,'Leaf Stone'
30986,3,09,'Tiny Mushroom'
30987,3,09,'Big Mushroom'
30988,3,09,'Pearl'
30989,3,09,'Big Pearl'
30990,3,09,'Stardust'
30991,3,09,'Star Piece'
30992,3,09,'Nugget'
30993,3,09,'Heart Scale'
30994,3,09,'Honey'
30995,3,09,'Growth Mulch'
30996,3,09,'Damp Mulch'
30997,3,09,'Stable Mulch'
30998,3,09,'Gooey Mulch'
30999,3,09,'Root Fossil'
309100,3,09,'Claw Fossil'
309101,3,09,'Helix Fossil'
309102,3,09,'Dome Fossil'
309103,3,09,'Old Amber'
309104,3,09,'Armor Fossil'
309105,3,09,'Skull Fossil'
309106,3,09,'Rare Bone'
309107,3,09,'Shiny Stone'
309108,3,09,'Dusk Stone'
309109,3,09,'Dawn Stone'
309110,3,09,'Oval Stone'
309111,3,09,'Odd Keystone'
309112,3,09,'Griseous Orb'
309113,3,09,'Tea'
309114,3,09,'???'
309115,3,09,'Autograph'
309116,3,09,'Douse Drive'
309117,3,09,'Shock Drive'
309118,3,09,'Burn Drive'
309119,3,09,'Chill Drive'
309120,3,09,'???'
309121,3,09,'Pokémon Box'
309122,3,09,'Medicine Pocket'
309123,3,09,'TM Case'
309124,3,09,'Candy Jar'
309125,3,09,'Power-Up Pocket'
309126,3,09,'Clothing Trunk'
309127,3,09,'Catching Pocket'
309128,3,09,'Battle Pocket'
309129,3,09,'???'
309130,3,09,'???'
309131,3,09,'???'
309132,3,09,'???'
309133,3,09,'???'
309134,3,09,'Sweet Heart'
309135,3,09,'Adamant Orb'
309136,3,09,'Lustrous Orb'
309137,3,09,'Greet Mail'
309138,3,09,'Favored Mail'
309139,3,09,'RSVP Mail'
309140,3,09,'Thanks Mail'
309141,3,09,'Inquiry Mail'
309142,3,09,'Like Mail'
309143,3,09,'Reply Mail'
309144,3,09,'Bridge Mail S'
309145,3,09,'Bridge Mail D'
309146,3,09,'Bridge Mail T'
309147,3,09,'Bridge Mail V'
309148,3,09,'Bridge Mail M'
309149,3,09,'Cheri Berry'
309150,3,09,'Chesto Berry'
309151,3,09,'Pecha Berry'
309152,3,09,'Rawst Berry'
309153,3,09,'Aspear Berry'
309154,3,09,'Leppa Berry'
309155,3,09,'Oran Berry'
309156,3,09,'Persim Berry'
309157,3,09,'Lum Berry'
309158,3,09,'Sitrus Berry'
309159,3,09,'Figy Berry'
309160,3,09,'Wiki Berry'
309161,3,09,'Mago Berry'
309162,3,09,'Aguav Berry'
309163,3,09,'Iapapa Berry'
309164,3,09,'Razz Berry'
309165,3,09,'Bluk Berry'
309166,3,09,'Nanab Berry'
309167,3,09,'Wepear Berry'
309168,3,09,'Pinap Berry'
309169,3,09,'Pomeg Berry'
309170,3,09,'Kelpsy Berry'
309171,3,09,'Qualot Berry'
309172,3,09,'Hondew Berry'
309173,3,09,'Grepa Berry'
309174,3,09,'Tamato Berry'
309175,3,09,'Cornn Berry'
309176,3,09,'Magost Berry'
309177,3,09,'Rabuta Berry'
309178,3,09,'Nomel Berry'
309179,3,09,'Spelon Berry'
309180,3,09,'Pamtre Berry'
309181,3,09,'Watmel Berry'
309182,3,09,'Durin Berry'
309183,3,09,'Belue Berry'
309184,3,09,'Occa Berry'
309185,3,09,'Passho Berry'
309186,3,09,'Wacan Berry'
309187,3,09,'Rindo Berry'
309188,3,09,'Yache Berry'
309189,3,09,'Chople Berry'
309190,3,09,'Kebia Berry'
309191,3,09,'Shuca Berry'
309192,3,09,'Coba Berry'
309193,3,09,'Payapa Berry'
309194,3,09,'Tanga Berry'
309195,3,09,'Charti Berry'
309196,3,09,'Kasib Berry'
309197,3,09,'Haban Berry'
309198,3,09,'Colbur Berry'
309199,3,09,'Babiri Berry'
309200,3,09,'Chilan Berry'
309201,3,09,'Liechi Berry'
309202,3,09,'Ganlon Berry'
309203,3,09,'Salac Berry'
309204,3,09,'Petaya Berry'
309205,3,09,'Apicot Berry'
309206,3,09,'Lansat Berry'
309207,3,09,'Starf Berry'
309208,3,09,'Enigma Berry'
309209,3,09,'Micle Berry'
309210,3,09,'Custap Berry'
309211,3,09,'Jaboca Berry'
309212,3,09,'Rowap Berry'
309213,3,09,'Bright Powder'
309214,3,09,'White Herb'
309215,3,09,'Macho Brace'
309216,3,09,'Exp. Share'
309217,3,09,'Quick Claw'
309218,3,09,'Soothe Bell'
309219,3,09,'Mental Herb'
309220,3,09,'Choice Band'
309221,3,09,'King's Rock'
309222,3,09,'Silver Powder'
309223,3,09,'Amulet Coin'
309224,3,09,'Cleanse Tag'
309225,3,09,'Soul Dew'
309226,3,09,'Deep Sea Tooth'
309227,3,09,'Deep Sea Scale'
309228,3,09,'Smoke Ball'
309229,3,09,'Everstone'
309230,3,09,'Focus Band'
309231,3,09,'Lucky Egg'
309232,3,09,'Scope Lens'
309233,3,09,'Metal Coat'
309234,3,09,'Leftovers'
309235,3,09,'Dragon Scale'
309236,3,09,'Light Ball'
309237,3,09,'Soft Sand'
309238,3,09,'Hard Stone'
309239,3,09,'Miracle Seed'
309240,3,09,'Black Glasses'
309241,3,09,'Black Belt'
309242,3,09,'Magnet'
309243,3,09,'Mystic Water'
309244,3,09,'Sharp Beak'
309245,3,09,'Poison Barb'
309246,3,09,'Never-Melt Ice'
309247,3,09,'Spell Tag'
309248,3,09,'Twisted Spoon'
309249,3,09,'Charcoal'
309250,3,09,'Dragon Fang'
309251,3,09,'Silk Scarf'
309252,3,09,'Upgrade'
309253,3,09,'Shell Bell'
309254,3,09,'Sea Incense'
309255,3,09,'Lax Incense'
309256,3,09,'Lucky Punch'
309257,3,09,'Metal Powder'
309258,3,09,'Thick Club'
309259,3,09,'Leek'
309260,3,09,'Red Scarf'
309261,3,09,'Blue Scarf'
309262,3,09,'Pink Scarf'
309263,3,09,'Green Scarf'
309264,3,09,'Yellow Scarf'
309265,3,09,'Wide Lens'
309266,3,09,'Muscle Band'
309267,3,09,'Wise Glasses'
309268,3,09,'Expert Belt'
309269,3,09,'Light Clay'
309270,3,09,'Life Orb'
309271,3,09,'Power Herb'
309272,3,09,'Toxic Orb'
309273,3,09,'Flame Orb'
309274,3,09,'Quick Powder'
309275,3,09,'Focus Sash'
309276,3,09,'Zoom Lens'
309277,3,09,'Metronome'
309278,3,09,'Iron Ball'
309279,3,09,'Lagging Tail'
309280,3,09,'Destiny Knot'
309281,3,09,'Black Sludge'
309282,3,09,'Icy Rock'
309283,3,09,'Smooth Rock'
309284,3,09,'Heat Rock'
309285,3,09,'Damp Rock'
309286,3,09,'Grip Claw'
309287,3,09,'Choice Scarf'
309288,3,09,'Sticky Barb'
309289,3,09,'Power Bracer'
309290,3,09,'Power Belt'
309291,3,09,'Power Lens'
309292,3,09,'Power Band'
309293,3,09,'Power Anklet'
309294,3,09,'Power Weight'
309295,3,09,'Shed Shell'
309296,3,09,'Big Root'
309297,3,09,'Choice Specs'
309298,3,09,'Flame Plate'
309299,3,09,'Splash Plate'
309300,3,09,'Zap Plate'
309301,3,09,'Meadow Plate'
309302,3,09,'Icicle Plate'
309303,3,09,'Fist Plate'
309304,3,09,'Toxic Plate'
309305,3,09,'Earth Plate'
309306,3,09,'Sky Plate'
309307,3,09,'Mind Plate'
309308,3,09,'Insect Plate'
309309,3,09,'Stone Plate'
309310,3,09,'Spooky Plate'
309311,3,09,'Draco Plate'
309312,3,09,'Dread Plate'
309313,3,09,'Iron Plate'
309314,3,09,'Odd Incense'
309315,3,09,'Rock Incense'
309316,3,09,'Full Incense'
309317,3,09,'Wave Incense'
309318,3,09,'Rose Incense'
309319,3,09,'Luck Incense'
309320,3,09,'Pure Incense'
309321,3,09,'Protector'
309322,3,09,'Electirizer'
309323,3,09,'Magmarizer'
309324,3,09,'Dubious Disc'
309325,3,09,'Reaper Cloth'
309326,3,09,'Razor Claw'
309327,3,09,'Razor Fang'
309328,3,09,'TM001'
309329,3,09,'TM002'
309330,3,09,'TM003'
309331,3,09,'TM004'
309332,3,09,'TM005'
309333,3,09,'TM006'
309334,3,09,'TM007'
309335,3,09,'TM008'
309336,3,09,'TM009'
309337,3,09,'TM010'
309338,3,09,'TM011'
309339,3,09,'TM012'
309340,3,09,'TM013'
309341,3,09,'TM014'
309342,3,09,'TM015'
309343,3,09,'TM016'
309344,3,09,'TM017'
309345,3,09,'TM018'
309346,3,09,'TM019'
309347,3,09,'TM020'
309348,3,09,'TM021'
309349,3,09,'TM022'
309350,3,09,'TM023'
309351,3,09,'TM024'
309352,3,09,'TM025'
309353,3,09,'TM026'
309354,3,09,'TM027'
309355,3,09,'TM028'
309356,3,09,'TM029'
309357,3,09,'TM030'
309358,3,09,'TM031'
309359,3,09,'TM032'
309360,3,09,'TM033'
309361,3,09,'TM034'
309362,3,09,'TM035'
309363,3,09,'TM036'
309364,3,09,'TM037'
309365,3,09,'TM038'
309366,3,09,'TM039'
309367,3,09,'TM040'
309368,3,09,'TM041'
309369,3,09,'TM042'
309370,3,09,'TM043'
309371,3,09,'TM044'
309372,3,09,'TM045'
309373,3,09,'TM046'
309374,3,09,'TM047'
309375,3,09,'TM048'
309376,3,09,'TM049'
309377,3,09,'TM050'
309378,3,09,'TM051'
309379,3,09,'TM052'
309380,3,09,'TM053'
309381,3,09,'TM054'
309382,3,09,'TM055'
309383,3,09,'TM056'
309384,3,09,'TM057'
309385,3,09,'TM058'
309386,3,09,'TM059'
309387,3,09,'TM060'
309388,3,09,'TM061'
309389,3,09,'TM062'
309390,3,09,'TM063'
309391,3,09,'TM064'
309392,3,09,'TM065'
309393,3,09,'TM066'
309394,3,09,'TM067'
309395,3,09,'TM068'
309396,3,09,'TM069'
309397,3,09,'TM070'
309398,3,09,'TM071'
309399,3,09,'TM072'
309400,3,09,'TM073'
309401,3,09,'TM074'
309402,3,09,'TM075'
309403,3,09,'TM076'
309404,3,09,'TM077'
309405,3,09,'TM078'
309406,3,09,'TM079'
309407,3,09,'TM080'
309408,3,09,'TM081'
309409,3,09,'TM082'
309410,3,09,'TM083'
309411,3,09,'TM084'
309412,3,09,'TM085'
309413,3,09,'TM086'
309414,3,09,'TM087'
309415,3,09,'TM088'
309416,3,09,'TM089'
309417,3,09,'TM090'
309418,3,09,'TM091'
309419,3,09,'TM092'
309420,3,09,'HM01'
309421,3,09,'HM02'
309422,3,09,'HM03'
309423,3,09,'HM04'
309424,3,09,'HM05'
309425,3,09,'HM06'
309426,3,09,'???'
309427,3,09,'???'
309428,3,09,'Explorer Kit'
309429,3,09,'Loot Sack'
309430,3,09,'Rule Book'
309431,3,09,'Poké Radar'
309432,3,09,'Point Card'
309433,3,09,'Guidebook'
309434,3,09,'Sticker Case'
309435,3,09,'Fashion Case'
309436,3,09,'Sticker Bag'
309437,3,09,'Pal Pad'
309438,3,09,'Works Key'
309439,3,09,'Old Charm'
309440,3,09,'Galactic Key'
309441,3,09,'Red Chain'
309442,3,09,'Town Map'
309443,3,09,'Vs. Seeker'
309444,3,09,'Coin Case'
309445,3,09,'Old Rod'
309446,3,09,'Good Rod'
309447,3,09,'Super Rod'
309448,3,09,'Sprayduck'
309449,3,09,'Poffin Case'
309450,3,09,'Bike'
309451,3,09,'Suite Key'
309452,3,09,'Oak's Letter'
309453,3,09,'Lunar Feather'
309454,3,09,'Member Card'
309455,3,09,'Azure Flute'
309456,3,09,'S.S. Ticket'
309457,3,09,'Contest Pass'
309458,3,09,'Magma Stone'
309459,3,09,'Parcel'
309460,3,09,'Coupon 1'
309461,3,09,'Coupon 2'
309462,3,09,'Coupon 3'
309463,3,09,'Storage Key'
309464,3,09,'Secret Medicine'
309465,3,09,'Vs. Recorder'
309466,3,09,'Gracidea'
309467,3,09,'Secret Key'
309468,3,09,'Apricorn Box'
309469,3,09,'Unown Report'
309470,3,09,'Berry Pots'
309471,3,09,'Dowsing Machine'
309472,3,09,'Blue Card'
309473,3,09,'Slowpoke Tail'
309474,3,09,'Clear Bell'
309475,3,09,'Card Key'
309476,3,09,'Basement Key'
309477,3,09,'Squirt Bottle'
309478,3,09,'Red Scale'
309479,3,09,'Lost Item'
309480,3,09,'Pass'
309481,3,09,'Machine Part'
309482,3,09,'Silver Feather'
309483,3,09,'Rainbow Feather'
309484,3,09,'Mystery Egg'
309485,3,09,'Red Apricorn'
309486,3,09,'Blue Apricorn'
309487,3,09,'Yellow Apricorn'
309488,3,09,'Green Apricorn'
309489,3,09,'Pink Apricorn'
309490,3,09,'White Apricorn'
309491,3,09,'Black Apricorn'
309492,3,09,'Fast Ball'
309493,3,09,'Level Ball'
309494,3,09,'Lure Ball'
309495,3,09,'Heavy Ball'
309496,3,09,'Love Ball'
309497,3,09,'Friend Ball'
309498,3,09,'Moon Ball'
309499,3,09,'Sport Ball'
309500,3,09,'Park Ball'
309501,3,09,'Photo Album'
309502,3,09,'GB Sounds'
309503,3,09,'Tidal Bell'
309504,3,09,'Rage Candy Bar'
309505,3,09,'Data Card 01'
309506,3,09,'Data Card 02'
309507,3,09,'Data Card 03'
309508,3,09,'Data Card 04'
309509,3,09,'Data Card 05'
309510,3,09,'Data Card 06'
309511,3,09,'Data Card 07'
309512,3,09,'Data Card 08'
309513,3,09,'Data Card 09'
309514,3,09,'Data Card 10'
309515,3,09,'Data Card 11'
309516,3,09,'Data Card 12'
309517,3,09,'Data Card 13'
309518,3,09,'Data Card 14'
309519,3,09,'Data Card 15'
309520,3,09,'Data Card 16'
309521,3,09,'Data Card 17'
309522,3,09,'Data Card 18'
309523,3,09,'Data Card 19'
309524,3,09,'Data Card 20'
309525,3,09,'Data Card 21'
309526,3,09,'Data Card 22'
309527,3,09,'Data Card 23'
309528,3,09,'Data Card 24'
309529,3,09,'Data Card 25'
309530,3,09,'Data Card 26'
309531,3,09,'Data Card 27'
309532,3,09,'Jade Orb'
309533,3,09,'Lock Capsule'
309534,3,09,'Red Orb'
309535,3,09,'Blue Orb'
309536,3,09,'Enigma Stone'
309537,3,09,'Prism Scale'
309538,3,09,'Eviolite'
309539,3,09,'Float Stone'
309540,3,09,'Rocky Helmet'
309541,3,09,'Air Balloon'
309542,3,09,'Red Card'
309543,3,09,'Ring Target'
309544,3,09,'Binding Band'
309545,3,09,'Absorb Bulb'
309546,3,09,'Cell Battery'
309547,3,09,'Eject Button'
309548,3,09,'Fire Gem'
309549,3,09,'Water Gem'
309550,3,09,'Electric Gem'
309551,3,09,'Grass Gem'
309552,3,09,'Ice Gem'
309553,3,09,'Fighting Gem'
309554,3,09,'Poison Gem'
309555,3,09,'Ground Gem'
309556,3,09,'Flying Gem'
309557,3,09,'Psychic Gem'
309558,3,09,'Bug Gem'
309559,3,09,'Rock Gem'
309560,3,09,'Ghost Gem'
309561,3,09,'Dragon Gem'
309562,3,09,'Dark Gem'
309563,3,09,'Steel Gem'
309564,3,09,'Normal Gem'
309565,3,09,'Health Feather'
309566,3,09,'Muscle Feather'
309567,3,09,'Resist Feather'
309568,3,09,'Genius Feather'
309569,3,09,'Clever Feather'
309570,3,09,'Swift Feather'
309571,3,09,'Pretty Feather'
309572,3,09,'Cover Fossil'
309573,3,09,'Plume Fossil'
309574,3,09,'Liberty Pass'
309575,3,09,'Pass Orb'
309576,3,09,'Dream Ball'
309577,3,09,'Poké Toy'
309578,3,09,'Prop Case'
309579,3,09,'Dragon Skull'
309580,3,09,'Balm Mushroom'
309581,3,09,'Big Nugget'
309582,3,09,'Pearl String'
309583,3,09,'Comet Shard'
309584,3,09,'Relic Copper'
309585,3,09,'Relic Silver'
309586,3,09,'Relic Gold'
309587,3,09,'Relic Vase'
309588,3,09,'Relic Band'
309589,3,09,'Relic Statue'
309590,3,09,'Relic Crown'
309591,3,09,'Casteliacone'
309592,3,09,'Dire Hit 2'
309593,3,09,'X Speed 2'
309594,3,09,'X Sp. Atk 2'
309595,3,09,'X Sp. Def 2'
309596,3,09,'X Defense 2'
309597,3,09,'X Attack 2'
309598,3,09,'X Accuracy 2'
309599,3,09,'X Speed 3'
309600,3,09,'X Sp. Atk 3'
309601,3,09,'X Sp. Def 3'
309602,3,09,'X Defense 3'
309603,3,09,'X Attack 3'
309604,3,09,'X Accuracy 3'
309605,3,09,'X Speed 6'
309606,3,09,'X Sp. Atk 6'
309607,3,09,'X Sp. Def 6'
309608,3,09,'X Defense 6'
309609,3,09,'X Attack 6'
309610,3,09,'X Accuracy 6'
309611,3,09,'Ability Urge'
309612,3,09,'Item Drop'
309613,3,09,'Item Urge'
309614,3,09,'Reset Urge'
309615,3,09,'Dire Hit 3'
309616,3,09,'Light Stone'
309617,3,09,'Dark Stone'
309618,3,09,'TM093'
309619,3,09,'TM094'
309620,3,09,'TM095'
309621,3,09,'Xtransceiver'
309622,3,09,'???'
309623,3,09,'Gram 1'
309624,3,09,'Gram 2'
309625,3,09,'Gram 3'
309626,3,09,'Xtransceiver'
309627,3,09,'Medal Box'
309628,3,09,'DNA Splicers'
309629,3,09,'DNA Splicers'
309630,3,09,'Permit'
309631,3,09,'Oval Charm'
309632,3,09,'Shiny Charm'
309633,3,09,'Plasma Card'
309634,3,09,'Grubby Hanky'
309635,3,09,'Colress Machine'
309636,3,09,'Dropped Item'
309637,3,09,'Dropped Item'
309638,3,09,'Reveal Glass'
309639,3,09,'Weakness Policy'
309640,3,09,'Assault Vest'
309641,3,09,'Holo Caster'
309642,3,09,'Prof's Letter'
309643,3,09,'Roller Skates'
309644,3,09,'Pixie Plate'
309645,3,09,'Ability Capsule'
309646,3,09,'Whipped Dream'
309647,3,09,'Sachet'
309648,3,09,'Luminous Moss'
309649,3,09,'Snowball'
309650,3,09,'Safety Goggles'
309651,3,09,'Poké Flute'
309652,3,09,'Rich Mulch'
309653,3,09,'Surprise Mulch'
309654,3,09,'Boost Mulch'
309655,3,09,'Amaze Mulch'
309656,3,09,'Gengarite'
309657,3,09,'Gardevoirite'
309658,3,09,'Ampharosite'
309659,3,09,'Venusaurite'
309660,3,09,'Charizardite X'
309661,3,09,'Blastoisinite'
309662,3,09,'Mewtwonite X'
309663,3,09,'Mewtwonite Y'
309664,3,09,'Blazikenite'
309665,3,09,'Medichamite'
309666,3,09,'Houndoominite'
309667,3,09,'Aggronite'
309668,3,09,'Banettite'
309669,3,09,'Tyranitarite'
309670,3,09,'Scizorite'
309671,3,09,'Pinsirite'
309672,3,09,'Aerodactylite'
309673,3,09,'Lucarionite'
309674,3,09,'Abomasite'
309675,3,09,'Kangaskhanite'
309676,3,09,'Gyaradosite'
309677,3,09,'Absolite'
309678,3,09,'Charizardite Y'
309679,3,09,'Alakazite'
309680,3,09,'Heracronite'
309681,3,09,'Mawilite'
309682,3,09,'Manectite'
309683,3,09,'Garchompite'
309684,3,09,'Latiasite'
309685,3,09,'Latiosite'
309686,3,09,'Roseli Berry'
309687,3,09,'Kee Berry'
309688,3,09,'Maranga Berry'
309689,3,09,'Sprinklotad'
309690,3,09,'TM096'
309691,3,09,'TM097'
309692,3,09,'TM098'
309693,3,09,'TM099'
309694,3,09,'TM100'
309695,3,09,'Power Plant Pass'
309696,3,09,'Mega Ring'
309697,3,09,'Intriguing Stone'
309698,3,09,'Common Stone'
309699,3,09,'Discount Coupon'
309700,3,09,'Elevator Key'
309701,3,09,'TMV Pass'
309702,3,09,'Honor of Kalos'
309703,3,09,'Adventure Guide'
309704,3,09,'Strange Souvenir'
309705,3,09,'Lens Case'
309706,3,09,'Makeup Bag'
309707,3,09,'Travel Trunk'
309708,3,09,'Lumiose Galette'
309709,3,09,'Shalour Sable'
309710,3,09,'Jaw Fossil'
309711,3,09,'Sail Fossil'
309712,3,09,'Looker Ticket'
309713,3,09,'Bike'
309714,3,09,'Holo Caster'
309715,3,09,'Fairy Gem'
309716,3,09,'Mega Charm'
309717,3,09,'Mega Glove'
309718,3,09,'Mach Bike'
309719,3,09,'Acro Bike'
309720,3,09,'Wailmer Pail'
309721,3,09,'Devon Parts'
309722,3,09,'Soot Sack'
309723,3,09,'Basement Key'
309724,3,09,'Pokéblock Kit'
309725,3,09,'Letter'
309726,3,09,'Eon Ticket'
309727,3,09,'Scanner'
309728,3,09,'Go-Goggles'
309729,3,09,'Meteorite'
309730,3,09,'Key to Room 1'
309731,3,09,'Key to Room 2'
309732,3,09,'Key to Room 4'
309733,3,09,'Key to Room 6'
309734,3,09,'Storage Key'
309735,3,09,'Devon Scope'
309736,3,09,'S.S. Ticket'
309737,3,09,'HM07'
309738,3,09,'Devon Scuba Gear'
309739,3,09,'Contest Costume'
309740,3,09,'Contest Costume'
309741,3,09,'Magma Suit'
309742,3,09,'Aqua Suit'
309743,3,09,'Pair of Tickets'
309744,3,09,'Mega Bracelet'
309745,3,09,'Mega Pendant'
309746,3,09,'Mega Glasses'
309747,3,09,'Mega Anchor'
309748,3,09,'Mega Stickpin'
309749,3,09,'Mega Tiara'
309750,3,09,'Mega Anklet'
309751,3,09,'Meteorite'
309752,3,09,'Swampertite'
309753,3,09,'Sceptilite'
309754,3,09,'Sablenite'
309755,3,09,'Altarianite'
309756,3,09,'Galladite'
309757,3,09,'Audinite'
309758,3,09,'Metagrossite'
309759,3,09,'Sharpedonite'
309760,3,09,'Slowbronite'
309761,3,09,'Steelixite'
309762,3,09,'Pidgeotite'
309763,3,09,'Glalitite'
309764,3,09,'Diancite'
309765,3,09,'Prison Bottle'
309766,3,09,'Mega Cuff'
309767,3,09,'Cameruptite'
309768,3,09,'Lopunnite'
309769,3,09,'Salamencite'
309770,3,09,'Beedrillite'
309771,3,09,'Meteorite'
309772,3,09,'Meteorite'
309773,3,09,'Key Stone'
309774,3,09,'Meteorite Shard'
309775,3,09,'Eon Flute'
309776,3,09,'Normalium Z'
309777,3,09,'Firium Z'
309778,3,09,'Waterium Z'
309779,3,09,'Electrium Z'
309780,3,09,'Grassium Z'
309781,3,09,'Icium Z'
309782,3,09,'Fightinium Z'
309783,3,09,'Poisonium Z'
309784,3,09,'Groundium Z'
309785,3,09,'Flyinium Z'
309786,3,09,'Psychium Z'
309787,3,09,'Buginium Z'
309788,3,09,'Rockium Z'
309789,3,09,'Ghostium Z'
309790,3,09,'Dragonium Z'
309791,3,09,'Darkinium Z'
309792,3,09,'Steelium Z'
309793,3,09,'Fairium Z'
309794,3,09,'Pikanium Z'
309795,3,09,'Bottle Cap'
309796,3,09,'Gold Bottle Cap'
309797,3,09,'Z-Ring'
309798,3,09,'Decidium Z'
309799,3,09,'Incinium Z'
309800,3,09,'Primarium Z'
309801,3,09,'Tapunium Z'
309802,3,09,'Marshadium Z'
309803,3,09,'Aloraichium Z'
309804,3,09,'Snorlium Z'
309805,3,09,'Eevium Z'
309806,3,09,'Mewnium Z'
309807,3,09,'Normalium Z'
309808,3,09,'Firium Z'
309809,3,09,'Waterium Z'
309810,3,09,'Electrium Z'
309811,3,09,'Grassium Z'
309812,3,09,'Icium Z'
309813,3,09,'Fightinium Z'
309814,3,09,'Poisonium Z'
309815,3,09,'Groundium Z'
309816,3,09,'Flyinium Z'
309817,3,09,'Psychium Z'
309818,3,09,'Buginium Z'
309819,3,09,'Rockium Z'
309820,3,09,'Ghostium Z'
309821,3,09,'Dragonium Z'
309822,3,09,'Darkinium Z'
309823,3,09,'Steelium Z'
309824,3,09,'Fairium Z'
309825,3,09,'Pikanium Z'
309826,3,09,'Decidium Z'
309827,3,09,'Incinium Z'
309828,3,09,'Primarium Z'
309829,3,09,'Tapunium Z'
309830,3,09,'Marshadium Z'
309831,3,09,'Aloraichium Z'
309832,3,09,'Snorlium Z'
309833,3,09,'Eevium Z'
309834,3,09,'Mewnium Z'
309835,3,09,'Pikashunium Z'
309836,3,09,'Pikashunium Z'
309837,3,09,'???'
309838,3,09,'???'
309839,3,09,'???'
309840,3,09,'???'
309841,3,09,'Forage Bag'
309842,3,09,'Fishing Rod'
309843,3,09,'Professor's Mask'
309844,3,09,'Festival Ticket'
309845,3,09,'Sparkling Stone'
309846,3,09,'Adrenaline Orb'
309847,3,09,'Zygarde Cube'
309848,3,09,'???'
309849,3,09,'Ice Stone'
309850,3,09,'Ride Pager'
309851,3,09,'Beast Ball'
309852,3,09,'Big Malasada'
309853,3,09,'Red Nectar'
309854,3,09,'Yellow Nectar'
309855,3,09,'Pink Nectar'
309856,3,09,'Purple Nectar'
309857,3,09,'Sun Flute'
309858,3,09,'Moon Flute'
309859,3,09,'???'
309860,3,09,'Enigmatic Card'
309861,3,09,'Silver Razz Berry'
309862,3,09,'Golden Razz Berry'
309863,3,09,'Silver Nanab Berry'
309864,3,09,'Golden Nanab Berry'
309865,3,09,'Silver Pinap Berry'
309866,3,09,'Golden Pinap Berry'
309867,3,09,'???'
309868,3,09,'???'
309869,3,09,'???'
309870,3,09,'???'
309871,3,09,'???'
309872,3,09,'Secret Key'
309873,3,09,'S.S. Ticket'
309874,3,09,'Silph Scope'
309875,3,09,'Parcel'
309876,3,09,'Card Key'
309877,3,09,'Gold Teeth'
309878,3,09,'Lift Key'
309879,3,09,'Terrain Extender'
309880,3,09,'Protective Pads'
309881,3,09,'Electric Seed'
309882,3,09,'Psychic Seed'
309883,3,09,'Misty Seed'
309884,3,09,'Grassy Seed'
309885,3,09,'Stretchy Spring'
309886,3,09,'Chalky Stone'
309887,3,09,'Marble'
309888,3,09,'Lone Earring'
309889,3,09,'Beach Glass'
309890,3,09,'Gold Leaf'
309891,3,09,'Silver Leaf'
309892,3,09,'Polished Mud Ball'
309893,3,09,'Tropical Shell'
309894,3,09,'Leaf Letter'
309895,3,09,'Leaf Letter'
309896,3,09,'Small Bouquet'
309897,3,09,'???'
309898,3,09,'???'
309899,3,09,'???'
309900,3,09,'Lure'
309901,3,09,'Super Lure'
309902,3,09,'Max Lure'
309903,3,09,'Pewter Crunchies'
309904,3,09,'Fighting Memory'
309905,3,09,'Flying Memory'
309906,3,09,'Poison Memory'
309907,3,09,'Ground Memory'
309908,3,09,'Rock Memory'
309909,3,09,'Bug Memory'
309910,3,09,'Ghost Memory'
309911,3,09,'Steel Memory'
309912,3,09,'Fire Memory'
309913,3,09,'Water Memory'
309914,3,09,'Grass Memory'
309915,3,09,'Electric Memory'
309916,3,09,'Psychic Memory'
309917,3,09,'Ice Memory'
309918,3,09,'Dragon Memory'
309919,3,09,'Dark Memory'
309920,3,09,'Fairy Memory'
309921,3,09,'Solganium Z'
309922,3,09,'Lunalium Z'
309923,3,09,'Ultranecrozium Z'
309924,3,09,'Mimikium Z'
309925,3,09,'Lycanium Z'
309926,3,09,'Kommonium Z'
309927,3,09,'Solganium Z'
309928,3,09,'Lunalium Z'
309929,3,09,'Ultranecrozium Z'
309930,3,09,'Mimikium Z'
309931,3,09,'Lycanium Z'
309932,3,09,'Kommonium Z'
309933,3,09,'Z-Power Ring'
309934,3,09,'Pink Petal'
309935,3,09,'Orange Petal'
309936,3,09,'Blue Petal'
309937,3,09,'Red Petal'
309938,3,09,'Green Petal'
309939,3,09,'Yellow Petal'
309940,3,09,'Purple Petal'
309941,3,09,'Rainbow Flower'
309942,3,09,'Surge Badge'
309943,3,09,'N-Solarizer'
309944,3,09,'N-Lunarizer'
309945,3,09,'N-Solarizer'
309946,3,09,'N-Lunarizer'
309947,3,09,'Ilima's Normalium Z'
309948,3,09,'Left Poké Ball'
309949,3,09,'Roto Hatch'
309950,3,09,'Roto Bargain'
309951,3,09,'Roto Prize Money'
309952,3,09,'Roto Exp. Points'
309953,3,09,'Roto Friendship'
309954,3,09,'Roto Encounter'
309955,3,09,'Roto Stealth'
309956,3,09,'Roto HP Restore'
309957,3,09,'Roto PP Restore'
309958,3,09,'Roto Boost'
309959,3,09,'Roto Catch'
309960,3,09,'Health Candy'
309961,3,09,'Mighty Candy'
309962,3,09,'Tough Candy'
309963,3,09,'Smart Candy'
309964,3,09,'Courage Candy'
309965,3,09,'Quick Candy'
309966,3,09,'Health Candy L'
309967,3,09,'Mighty Candy L'
309968,3,09,'Tough Candy L'
309969,3,09,'Smart Candy L'
309970,3,09,'Courage Candy L'
309971,3,09,'Quick Candy L'
309972,3,09,'Health Candy XL'
309973,3,09,'Mighty Candy XL'
309974,3,09,'Tough Candy XL'
309975,3,09,'Smart Candy XL'
309976,3,09,'Courage Candy XL'
309977,3,09,'Quick Candy XL'
309978,3,09,'Bulbasaur Candy'
309979,3,09,'Charmander Candy'
309980,3,09,'Squirtle Candy'
309981,3,09,'Caterpie Candy'
309982,3,09,'Weedle Candy'
309983,3,09,'Pidgey Candy'
309984,3,09,'Rattata Candy'
309985,3,09,'Spearow Candy'
309986,3,09,'Ekans Candy'
309987,3,09,'Pikachu Candy'
309988,3,09,'Sandshrew Candy'
309989,3,09,'Nidoran♀ Candy'
309990,3,09,'Nidoran♂ Candy'
309991,3,09,'Clefairy Candy'
309992,3,09,'Vulpix Candy'
309993,3,09,'Jigglypuff Candy'
309994,3,09,'Zubat Candy'
309995,3,09,'Oddish Candy'
309996,3,09,'Paras Candy'
309997,3,09,'Venonat Candy'
309998,3,09,'Diglett Candy'
309999,3,09,'Meowth Candy'
3091000,3,09,'Psyduck Candy'
3091001,3,09,'Mankey Candy'
3091002,3,09,'Growlithe Candy'
3091003,3,09,'Poliwag Candy'
3091004,3,09,'Abra Candy'
3091005,3,09,'Machop Candy'
3091006,3,09,'Bellsprout Candy'
3091007,3,09,'Tentacool Candy'
3091008,3,09,'Geodude Candy'
3091009,3,09,'Ponyta Candy'
3091010,3,09,'Slowpoke Candy'
3091011,3,09,'Magnemite Candy'
3091012,3,09,'Farfetch'd Candy'
3091013,3,09,'Doduo Candy'
3091014,3,09,'Seel Candy'
3091015,3,09,'Grimer Candy'
3091016,3,09,'Shellder Candy'
3091017,3,09,'Gastly Candy'
3091018,3,09,'Onix Candy'
3091019,3,09,'Drowzee Candy'
3091020,3,09,'Krabby Candy'
3091021,3,09,'Voltorb Candy'
3091022,3,09,'Exeggcute Candy'
3091023,3,09,'Cubone Candy'
3091024,3,09,'Hitmonlee Candy'
3091025,3,09,'Hitmonchan Candy'
3091026,3,09,'Lickitung Candy'
3091027,3,09,'Koffing Candy'
3091028,3,09,'Rhyhorn Candy'
3091029,3,09,'Chansey Candy'
3091030,3,09,'Tangela Candy'
3091031,3,09,'Kangaskhan Candy'
3091032,3,09,'Horsea Candy'
3091033,3,09,'Goldeen Candy'
3091034,3,09,'Staryu Candy'
3091035,3,09,'Mr. Mime Candy'
3091036,3,09,'Scyther Candy'
3091037,3,09,'Jynx Candy'
3091038,3,09,'Electabuzz Candy'
3091039,3,09,'Pinsir Candy'
3091040,3,09,'Tauros Candy'
3091041,3,09,'Magikarp Candy'
3091042,3,09,'Lapras Candy'
3091043,3,09,'Ditto Candy'
3091044,3,09,'Eevee Candy'
3091045,3,09,'Porygon Candy'
3091046,3,09,'Omanyte Candy'
3091047,3,09,'Kabuto Candy'
3091048,3,09,'Aerodactyl Candy'
3091049,3,09,'Snorlax Candy'
3091050,3,09,'Articuno Candy'
3091051,3,09,'Zapdos Candy'
3091052,3,09,'Moltres Candy'
3091053,3,09,'Dratini Candy'
3091054,3,09,'Mewtwo Candy'
3091055,3,09,'Mew Candy'
3091056,3,09,'Meltan Candy'
3091057,3,09,'Magmar Candy'
3091058,3,09,'???'
3091059,3,09,'???'
3091060,3,09,'???'
3091061,3,09,'???'
3091062,3,09,'???'
3091063,3,09,'???'
3091064,3,09,'???'
3091065,3,09,'???'
3091066,3,09,'???'
3091067,3,09,'???'
3091068,3,09,'???'
3091069,3,09,'???'
3091070,3,09,'???'
3091071,3,09,'???'
3091072,3,09,'???'
3091073,3,09,'???'
3091074,3,09,'Endorsement'
3091075,3,09,'Pokémon Box Link'
3091076,3,09,'Wishing Star'
3091077,3,09,'Dynamax Band'
3091078,3,09,'???'
3091079,3,09,'???'
3091080,3,09,'Fishing Rod'
3091081,3,09,'Rotom Bike'
3091082,3,09,'???'
3091083,3,09,'???'
3091084,3,09,'Sausages'
3091085,3,09,'Bob's Food Tin'
3091086,3,09,'Bach's Food Tin'
3091087,3,09,'Tin of Beans'
3091088,3,09,'Bread'
3091089,3,09,'Pasta'
3091090,3,09,'Mixed Mushrooms'
3091091,3,09,'Smoke-Poke Tail'
3091092,3,09,'Large Leek'
3091093,3,09,'Fancy Apple'
3091094,3,09,'Brittle Bones'
3091095,3,09,'Pack of Potatoes'
3091096,3,09,'Pungent Root'
3091097,3,09,'Salad Mix'
3091098,3,09,'Fried Food'
3091099,3,09,'Boiled Egg'
3091100,3,09,'Camping Gear'
3091101,3,09,'???'
3091102,3,09,'???'
3091103,3,09,'Rusted Sword'
3091104,3,09,'Rusted Shield'
3091105,3,09,'Fossilized Bird'
3091106,3,09,'Fossilized Fish'
3091107,3,09,'Fossilized Drake'
3091108,3,09,'Fossilized Dino'
3091109,3,09,'Strawberry Sweet'
3091110,3,09,'Love Sweet'
3091111,3,09,'Berry Sweet'
3091112,3,09,'Clover Sweet'
3091113,3,09,'Flower Sweet'
3091114,3,09,'Star Sweet'
3091115,3,09,'Ribbon Sweet'
3091116,3,09,'Sweet Apple'
3091117,3,09,'Tart Apple'
3091118,3,09,'Throat Spray'
3091119,3,09,'Eject Pack'
3091120,3,09,'Heavy-Duty Boots'
3091121,3,09,'Blunder Policy'
3091122,3,09,'Room Service'
3091123,3,09,'Utility Umbrella'
3091124,3,09,'Exp. Candy XS'
3091125,3,09,'Exp. Candy S'
3091126,3,09,'Exp. Candy M'
3091127,3,09,'Exp. Candy L'
3091128,3,09,'Exp. Candy XL'
3091129,3,09,'Dynamax Candy'
3091130,3,09,'TR00'
3091131,3,09,'TR01'
3091132,3,09,'TR02'
3091133,3,09,'TR03'
3091134,3,09,'TR04'
3091135,3,09,'TR05'
3091136,3,09,'TR06'
3091137,3,09,'TR07'
3091138,3,09,'TR08'
3091139,3,09,'TR09'
3091140,3,09,'TR10'
3091141,3,09,'TR11'
3091142,3,09,'TR12'
3091143,3,09,'TR13'
3091144,3,09,'TR14'
3091145,3,09,'TR15'
3091146,3,09,'TR16'
3091147,3,09,'TR17'
3091148,3,09,'TR18'
3091149,3,09,'TR19'
3091150,3,09,'TR20'
3091151,3,09,'TR21'
3091152,3,09,'TR22'
3091153,3,09,'TR23'
3091154,3,09,'TR24'
3091155,3,09,'TR25'
3091156,3,09,'TR26'
3091157,3,09,'TR27'
3091158,3,09,'TR28'
3091159,3,09,'TR29'
3091160,3,09,'TR30'
3091161,3,09,'TR31'
3091162,3,09,'TR32'
3091163,3,09,'TR33'
3091164,3,09,'TR34'
3091165,3,09,'TR35'
3091166,3,09,'TR36'
3091167,3,09,'TR37'
3091168,3,09,'TR38'
3091169,3,09,'TR39'
3091170,3,09,'TR40'
3091171,3,09,'TR41'
3091172,3,09,'TR42'
3091173,3,09,'TR43'
3091174,3,09,'TR44'
3091175,3,09,'TR45'
3091176,3,09,'TR46'
3091177,3,09,'TR47'
3091178,3,09,'TR48'
3091179,3,09,'TR49'
3091180,3,09,'TR50'
3091181,3,09,'TR51'
3091182,3,09,'TR52'
3091183,3,09,'TR53'
3091184,3,09,'TR54'
3091185,3,09,'TR55'
3091186,3,09,'TR56'
3091187,3,09,'TR57'
3091188,3,09,'TR58'
3091189,3,09,'TR59'
3091190,3,09,'TR60'
3091191,3,09,'TR61'
3091192,3,09,'TR62'
3091193,3,09,'TR63'
3091194,3,09,'TR64'
3091195,3,09,'TR65'
3091196,3,09,'TR66'
3091197,3,09,'TR67'
3091198,3,09,'TR68'
3091199,3,09,'TR69'
3091200,3,09,'TR70'
3091201,3,09,'TR71'
3091202,3,09,'TR72'
3091203,3,09,'TR73'
3091204,3,09,'TR74'
3091205,3,09,'TR75'
3091206,3,09,'TR76'
3091207,3,09,'TR77'
3091208,3,09,'TR78'
3091209,3,09,'TR79'
3091210,3,09,'TR80'
3091211,3,09,'TR81'
3091212,3,09,'TR82'
3091213,3,09,'TR83'
3091214,3,09,'TR84'
3091215,3,09,'TR85'
3091216,3,09,'TR86'
3091217,3,09,'TR87'
3091218,3,09,'TR88'
3091219,3,09,'TR89'
3091220,3,09,'TR90'
3091221,3,09,'TR91'
3091222,3,09,'TR92'
3091223,3,09,'TR93'
3091224,3,09,'TR94'
3091225,3,09,'TR95'
3091226,3,09,'TR96'
3091227,3,09,'TR97'
3091228,3,09,'TR98'
3091229,3,09,'TR99'
3091230,3,09,'TM00'
3091231,3,09,'Lonely Mint'
3091232,3,09,'Adamant Mint'
3091233,3,09,'Naughty Mint'
3091234,3,09,'Brave Mint'
3091235,3,09,'Bold Mint'
3091236,3,09,'Impish Mint'
3091237,3,09,'Lax Mint'
3091238,3,09,'Relaxed Mint'
3091239,3,09,'Modest Mint'
3091240,3,09,'Mild Mint'
3091241,3,09,'Rash Mint'
3091242,3,09,'Quiet Mint'
3091243,3,09,'Calm Mint'
3091244,3,09,'Gentle Mint'
3091245,3,09,'Careful Mint'
3091246,3,09,'Sassy Mint'
3091247,3,09,'Timid Mint'
3091248,3,09,'Hasty Mint'
3091249,3,09,'Jolly Mint'
3091250,3,09,'Naive Mint'
3091251,3,09,'Serious Mint'
3091252,3,09,'Wishing Piece'
3091253,3,09,'Cracked Pot'
3091254,3,09,'Chipped Pot'
3091255,3,09,'Hi-tech Earbuds'
3091256,3,09,'Fruit Bunch'
3091257,3,09,'Moomoo Cheese'
3091258,3,09,'Spice Mix'
3091259,3,09,'Fresh Cream'
3091260,3,09,'Packaged Curry'
3091261,3,09,'Coconut Milk'
3091262,3,09,'Instant Noodles'
3091263,3,09,'Precooked Burger'
3091264,3,09,'Gigantamix'
3091265,3,09,'Wishing Chip'
3091266,3,09,'Rotom Bike'
3091267,3,09,'Catching Charm'
3091268,3,09,'???'
3091269,3,09,'Old Letter'
3091270,3,09,'Band Autograph'
3091271,3,09,'Sonia's Book'
3091272,3,09,'???'
3091273,3,09,'???'
3091274,3,09,'???'
3091275,3,09,'???'
3091276,3,09,'???'
3091277,3,09,'???'
3091278,3,09,'Rotom Catalog'
3091279,3,09,'★And458'
3091280,3,09,'★And15'
3091281,3,09,'★And337'
3091282,3,09,'★And603'
3091283,3,09,'★And390'
3091284,3,09,'★Sgr6879'
3091285,3,09,'★Sgr6859'
3091286,3,09,'★Sgr6913'
3091287,3,09,'★Sgr7348'
3091288,3,09,'★Sgr7121'
3091289,3,09,'★Sgr6746'
3091290,3,09,'★Sgr7194'
3091291,3,09,'★Sgr7337'
3091292,3,09,'★Sgr7343'
3091293,3,09,'★Sgr6812'
3091294,3,09,'★Sgr7116'
3091295,3,09,'★Sgr7264'
3091296,3,09,'★Sgr7597'
3091297,3,09,'★Del7882'
3091298,3,09,'★Del7906'
3091299,3,09,'★Del7852'
3091300,3,09,'★Psc596'
3091301,3,09,'★Psc361'
3091302,3,09,'★Psc510'
3091303,3,09,'★Psc437'
3091304,3,09,'★Psc8773'
3091305,3,09,'★Lep1865'
3091306,3,09,'★Lep1829'
3091307,3,09,'★Boo5340'
3091308,3,09,'★Boo5506'
3091309,3,09,'★Boo5435'
3091310,3,09,'★Boo5602'
3091311,3,09,'★Boo5733'
3091312,3,09,'★Boo5235'
3091313,3,09,'★Boo5351'
3091314,3,09,'★Hya3748'
3091315,3,09,'★Hya3903'
3091316,3,09,'★Hya3418'
3091317,3,09,'★Hya3482'
3091318,3,09,'★Hya3845'
3091319,3,09,'★Eri1084'
3091320,3,09,'★Eri472'
3091321,3,09,'★Eri1666'
3091322,3,09,'★Eri897'
3091323,3,09,'★Eri1231'
3091324,3,09,'★Eri874'
3091325,3,09,'★Eri1298'
3091326,3,09,'★Eri1325'
3091327,3,09,'★Eri984'
3091328,3,09,'★Eri1464'
3091329,3,09,'★Eri1393'
3091330,3,09,'★Eri850'
3091331,3,09,'★Tau1409'
3091332,3,09,'★Tau1457'
3091333,3,09,'★Tau1165'
3091334,3,09,'★Tau1791'
3091335,3,09,'★Tau1910'
3091336,3,09,'★Tau1346'
3091337,3,09,'★Tau1373'
3091338,3,09,'★Tau1412'
3091339,3,09,'★CMa2491'
3091340,3,09,'★CMa2693'
3091341,3,09,'★CMa2294'
3091342,3,09,'★CMa2827'
3091343,3,09,'★CMa2282'
3091344,3,09,'★CMa2618'
3091345,3,09,'★CMa2657'
3091346,3,09,'★CMa2646'
3091347,3,09,'★UMa4905'
3091348,3,09,'★UMa4301'
3091349,3,09,'★UMa5191'
3091350,3,09,'★UMa5054'
3091351,3,09,'★UMa4295'
3091352,3,09,'★UMa4660'
3091353,3,09,'★UMa4554'
3091354,3,09,'★UMa4069'
3091355,3,09,'★UMa3569'
3091356,3,09,'★UMa3323'
3091357,3,09,'★UMa4033'
3091358,3,09,'★UMa4377'
3091359,3,09,'★UMa4375'
3091360,3,09,'★UMa4518'
3091361,3,09,'★UMa3594'
3091362,3,09,'★Vir5056'
3091363,3,09,'★Vir4825'
3091364,3,09,'★Vir4932'
3091365,3,09,'★Vir4540'
3091366,3,09,'★Vir4689'
3091367,3,09,'★Vir5338'
3091368,3,09,'★Vir4910'
3091369,3,09,'★Vir5315'
3091370,3,09,'★Vir5359'
3091371,3,09,'★Vir5409'
3091372,3,09,'★Vir5107'
3091373,3,09,'★Ari617'
3091374,3,09,'★Ari553'
3091375,3,09,'★Ari546'
3091376,3,09,'★Ari951'
3091377,3,09,'★Ori1713'
3091378,3,09,'★Ori2061'
3091379,3,09,'★Ori1790'
3091380,3,09,'★Ori1903'
3091381,3,09,'★Ori1948'
3091382,3,09,'★Ori2004'
3091383,3,09,'★Ori1852'
3091384,3,09,'★Ori1879'
3091385,3,09,'★Ori1899'
3091386,3,09,'★Ori1543'
3091387,3,09,'★Cas21'
3091388,3,09,'★Cas168'
3091389,3,09,'★Cas403'
3091390,3,09,'★Cas153'
3091391,3,09,'★Cas542'
3091392,3,09,'★Cas219'
3091393,3,09,'★Cas265'
3091394,3,09,'★Cnc3572'
3091395,3,09,'★Cnc3208'
3091396,3,09,'★Cnc3461'
3091397,3,09,'★Cnc3449'
3091398,3,09,'★Cnc3429'
3091399,3,09,'★Cnc3627'
3091400,3,09,'★Cnc3268'
3091401,3,09,'★Cnc3249'
3091402,3,09,'★Com4968'
3091403,3,09,'★Crv4757'
3091404,3,09,'★Crv4623'
3091405,3,09,'★Crv4662'
3091406,3,09,'★Crv4786'
3091407,3,09,'★Aur1708'
3091408,3,09,'★Aur2088'
3091409,3,09,'★Aur1605'
3091410,3,09,'★Aur2095'
3091411,3,09,'★Aur1577'
3091412,3,09,'★Aur1641'
3091413,3,09,'★Aur1612'
3091414,3,09,'★Pav7790'
3091415,3,09,'★Cet911'
3091416,3,09,'★Cet681'
3091417,3,09,'★Cet188'
3091418,3,09,'★Cet539'
3091419,3,09,'★Cet804'
3091420,3,09,'★Cep8974'
3091421,3,09,'★Cep8162'
3091422,3,09,'★Cep8238'
3091423,3,09,'★Cep8417'
3091424,3,09,'★Cen5267'
3091425,3,09,'★Cen5288'
3091426,3,09,'★Cen551'
3091427,3,09,'★Cen5459'
3091428,3,09,'★Cen5460'
3091429,3,09,'★CMi2943'
3091430,3,09,'★CMi2845'
3091431,3,09,'★Equ8131'
3091432,3,09,'★Vul7405'
3091433,3,09,'★UMi424'
3091434,3,09,'★UMi5563'
3091435,3,09,'★UMi5735'
3091436,3,09,'★UMi6789'
3091437,3,09,'★Crt4287'
3091438,3,09,'★Lyr7001'
3091439,3,09,'★Lyr7178'
3091440,3,09,'★Lyr7106'
3091441,3,09,'★Lyr7298'
3091442,3,09,'★Ara6585'
3091443,3,09,'★Sco6134'
3091444,3,09,'★Sco6527'
3091445,3,09,'★Sco6553'
3091446,3,09,'★Sco5953'
3091447,3,09,'★Sco5984'
3091448,3,09,'★Sco6508'
3091449,3,09,'★Sco6084'
3091450,3,09,'★Sco5944'
3091451,3,09,'★Sco6630'
3091452,3,09,'★Sco6027'
3091453,3,09,'★Sco6247'
3091454,3,09,'★Sco6252'
3091455,3,09,'★Sco5928'
3091456,3,09,'★Sco6241'
3091457,3,09,'★Sco6165'
3091458,3,09,'★Tri544'
3091459,3,09,'★Leo3982'
3091460,3,09,'★Leo4534'
3091461,3,09,'★Leo4357'
3091462,3,09,'★Leo4057'
3091463,3,09,'★Leo4359'
3091464,3,09,'★Leo4031'
3091465,3,09,'★Leo3852'
3091466,3,09,'★Leo3905'
3091467,3,09,'★Leo3773'
3091468,3,09,'★Gru8425'
3091469,3,09,'★Gru8636'
3091470,3,09,'★Gru8353'
3091471,3,09,'★Lib5685'
3091472,3,09,'★Lib5531'
3091473,3,09,'★Lib5787'
3091474,3,09,'★Lib5603'
3091475,3,09,'★Pup3165'
3091476,3,09,'★Pup3185'
3091477,3,09,'★Pup3045'
3091478,3,09,'★Cyg7924'
3091479,3,09,'★Cyg7417'
3091480,3,09,'★Cyg7796'
3091481,3,09,'★Cyg8301'
3091482,3,09,'★Cyg7949'
3091483,3,09,'★Cyg7528'
3091484,3,09,'★Oct7228'
3091485,3,09,'★Col1956'
3091486,3,09,'★Col2040'
3091487,3,09,'★Col2177'
3091488,3,09,'★Gem2990'
3091489,3,09,'★Gem2891'
3091490,3,09,'★Gem2421'
3091491,3,09,'★Gem2473'
3091492,3,09,'★Gem2216'
3091493,3,09,'★Gem2777'
3091494,3,09,'★Gem2650'
3091495,3,09,'★Gem2286'
3091496,3,09,'★Gem2484'
3091497,3,09,'★Gem2930'
3091498,3,09,'★Peg8775'
3091499,3,09,'★Peg8781'
3091500,3,09,'★Peg39'
3091501,3,09,'★Peg8308'
3091502,3,09,'★Peg8650'
3091503,3,09,'★Peg8634'
3091504,3,09,'★Peg8684'
3091505,3,09,'★Peg8450'
3091506,3,09,'★Peg8880'
3091507,3,09,'★Peg8905'
3091508,3,09,'★Oph6556'
3091509,3,09,'★Oph6378'
3091510,3,09,'★Oph6603'
3091511,3,09,'★Oph6149'
3091512,3,09,'★Oph6056'
3091513,3,09,'★Oph6075'
3091514,3,09,'★Ser5854'
3091515,3,09,'★Ser7141'
3091516,3,09,'★Ser5879'
3091517,3,09,'★Her6406'
3091518,3,09,'★Her6148'
3091519,3,09,'★Her6410'
3091520,3,09,'★Her6526'
3091521,3,09,'★Her6117'
3091522,3,09,'★Her6008'
3091523,3,09,'★Per936'
3091524,3,09,'★Per1017'
3091525,3,09,'★Per1131'
3091526,3,09,'★Per1228'
3091527,3,09,'★Per834'
3091528,3,09,'★Per941'
3091529,3,09,'★Phe99'
3091530,3,09,'★Phe338'
3091531,3,09,'★Vel3634'
3091532,3,09,'★Vel3485'
3091533,3,09,'★Vel3734'
3091534,3,09,'★Aqr8232'
3091535,3,09,'★Aqr8414'
3091536,3,09,'★Aqr8709'
3091537,3,09,'★Aqr8518'
3091538,3,09,'★Aqr7950'
3091539,3,09,'★Aqr8499'
3091540,3,09,'★Aqr8610'
3091541,3,09,'★Aqr8264'
3091542,3,09,'★Cru4853'
3091543,3,09,'★Cru4730'
3091544,3,09,'★Cru4763'
3091545,3,09,'★Cru4700'
3091546,3,09,'★Cru4656'
3091547,3,09,'★PsA8728'
3091548,3,09,'★TrA6217'
3091549,3,09,'★Cap7776'
3091550,3,09,'★Cap7754'
3091551,3,09,'★Cap8278'
3091552,3,09,'★Cap8322'
3091553,3,09,'★Cap7773'
3091554,3,09,'★Sge7479'
3091555,3,09,'★Car2326'
3091556,3,09,'★Car3685'
3091557,3,09,'★Car3307'
3091558,3,09,'★Car3699'
3091559,3,09,'★Dra5744'
3091560,3,09,'★Dra5291'
3091561,3,09,'★Dra6705'
3091562,3,09,'★Dra6536'
3091563,3,09,'★Dra7310'
3091564,3,09,'★Dra6688'
3091565,3,09,'★Dra4434'
3091566,3,09,'★Dra6370'
3091567,3,09,'★Dra7462'
3091568,3,09,'★Dra6396'
3091569,3,09,'★Dra6132'
3091570,3,09,'★Dra6636'
3091571,3,09,'★CVn4915'
3091572,3,09,'★CVn4785'
3091573,3,09,'★CVn4846'
3091574,3,09,'★Aql7595'
3091575,3,09,'★Aql7557'
3091576,3,09,'★Aql7525'
3091577,3,09,'★Aql7602'
3091578,3,09,'★Aql7235'
3091579,3,09,'Max Honey'
3091580,3,09,'Max Mushrooms'
3091581,3,09,'Galarica Twig'
3091582,3,09,'Galarica Cuff'
3091583,3,09,'Style Card'
3091584,3,09,'Armor Pass'
3091585,3,09,'Rotom Bike'
3091586,3,09,'Rotom Bike'
3091587,3,09,'Exp. Charm'
3091588,3,09,'Armorite Ore'
3091589,3,09,'Mark Charm'
3091590,3,09,'Reins of Unity'
3091591,3,09,'Reins of Unity'
3091592,3,09,'Galarica Wreath'
3091593,3,09,'Legendary Clue 1'
3091594,3,09,'Legendary Clue 2'
3091595,3,09,'Legendary Clue 3'
3091596,3,09,'Legendary Clue?'
3091597,3,09,'Crown Pass'
3091598,3,09,'Wooden Crown'
3091599,3,09,'Radiant Petal'
3091600,3,09,'White Mane Hair'
3091601,3,09,'Black Mane Hair'
3091602,3,09,'Iceroot Carrot'
3091603,3,09,'Shaderoot Carrot'
3091604,3,09,'Dynite Ore'
3091605,3,09,'Carrot Seeds'
3091606,3,09,'Ability Patch'
3091607,3,09,'Reins of Unity'
3091608,3,09,'Time Balm'
3091609,3,09,'Space Balm'
3091610,3,09,'Mysterious Balm'
3091611,3,09,'Linking Cord'
3091612,3,09,'Hometown Muffin'
3091613,3,09,'Apricorn'
3091614,3,09,'Jubilife Muffin'
3091615,3,09,'Aux Powerguard'
3091616,3,09,'Dire Hit'
3091617,3,09,'Choice Dumpling'
3091618,3,09,'Twice-Spiced Radish'
3091619,3,09,'Swap Snack'
3091620,3,09,'Caster Fern'
3091621,3,09,'Seed of Mastery'
3091622,3,09,'Poké Ball'
3091623,3,09,'???'
3091624,3,09,'Eternal Ice'
3091625,3,09,'Uxie's Claw'
3091626,3,09,'Azelf's Fang'
3091627,3,09,'Mesprit's Plume'
3091628,3,09,'Tumblestone'
3091629,3,09,'Celestica Flute'
3091630,3,09,'Remedy'
3091631,3,09,'Fine Remedy'
3091632,3,09,'Dazzling Honey'
3091633,3,09,'Hearty Grains'
3091634,3,09,'Plump Beans'
3091635,3,09,'Springy Mushroom'
3091636,3,09,'Crunchy Salt'
3091637,3,09,'Wood'
3091638,3,09,'King's Leaf'
3091639,3,09,'Marsh Balm'
3091640,3,09,'Poké Ball'
3091641,3,09,'Great Ball'
3091642,3,09,'Ultra Ball'
3091643,3,09,'Feather Ball'
3091644,3,09,'Pokéshi Doll'
3091645,3,09,'???'
3091646,3,09,'Smoke Bomb'
3091647,3,09,'Scatter Bang'
3091648,3,09,'Sticky Glob'
3091649,3,09,'Star Piece'
3091650,3,09,'Mushroom Cake'
3091651,3,09,'Bugwort'
3091652,3,09,'Honey Cake'
3091653,3,09,'Grain Cake'
3091654,3,09,'Bean Cake'
3091655,3,09,'Salt Cake'
3091656,3,09,'Potion'
3091657,3,09,'Super Potion'
3091658,3,09,'Hyper Potion'
3091659,3,09,'Max Potion'
3091660,3,09,'Full Restore'
3091661,3,09,'Remedy'
3091662,3,09,'Fine Remedy'
3091663,3,09,'Superb Remedy'
3091664,3,09,'Old Gateau'
3091665,3,09,'Jubilife Muffin'
3091666,3,09,'Full Heal'
3091667,3,09,'Revive'
3091668,3,09,'Max Revive'
3091669,3,09,'Max Ether'
3091670,3,09,'Max Elixir'
3091671,3,09,'Stealth Spray'
3091672,3,09,'???'
3091673,3,09,'Aux Power'
3091674,3,09,'Aux Guard'
3091675,3,09,'Dire Hit'
3091676,3,09,'Aux Evasion'
3091677,3,09,'Aux Powerguard'
3091678,3,09,'Forest Balm'
3091679,3,09,'Iron Chunk'
3091680,3,09,'???'
3091681,3,09,'Black Tumblestone'
3091682,3,09,'Sky Tumblestone'
3091683,3,09,'???'
3091684,3,09,'Ball of Mud'
3091685,3,09,'???'
3091686,3,09,'Pop Pod'
3091687,3,09,'Sootfoot Root'
3091688,3,09,'Spoiled Apricorn'
3091689,3,09,'Snowball'
3091690,3,09,'Sticky Glob'
3091691,3,09,'Black Augurite'
3091692,3,09,'Peat Block'
3091693,3,09,'Stealth Spray'
3091694,3,09,'Medicinal Leek'
3091695,3,09,'Vivichoke'
3091696,3,09,'Pep-Up Plant'
3091697,3,09,'???'
3091698,3,09,'???'
3091699,3,09,'Tempting Charm B'
3091700,3,09,'Tempting Charm P'
3091701,3,09,'Swordcap'
3091702,3,09,'Iron Barktongue'
3091703,3,09,'Doppel Bonnets'
3091704,3,09,'Direshroom'
3091705,3,09,'Sand Radish'
3091706,3,09,'Tempting Charm T'
3091707,3,09,'Tempting Charm Y'
3091708,3,09,'Candy Truffle'
3091709,3,09,'Cake-Lure Base'
3091710,3,09,'Poké Ball'
3091711,3,09,'Great Ball'
3091712,3,09,'Ultra Ball'
3091713,3,09,'Feather Ball'
3091714,3,09,'???'
3091715,3,09,'???'
3091716,3,09,'Scatter Bang'
3091717,3,09,'Smoke Bomb'
3091718,3,09,'???'
3091719,3,09,'???'
3091720,3,09,'Pokéshi Doll'
3091721,3,09,'Volcano Balm'
3091722,3,09,'Mountain Balm'
3091723,3,09,'Snow Balm'
3091724,3,09,'Honey Cake'
3091725,3,09,'Grain Cake'
3091726,3,09,'Bean Cake'
3091727,3,09,'Mushroom Cake'
3091728,3,09,'Salt Cake'
3091729,3,09,'Swap Snack'
3091730,3,09,'Choice Dumpling'
3091731,3,09,'Twice-Spiced Radish'
3091732,3,09,'Survival Charm R'
3091733,3,09,'Survival Charm B'
3091734,3,09,'Survival Charm P'
3091735,3,09,'Survival Charm T'
3091736,3,09,'Survival Charm Y'
3091737,3,09,'Torn Journal'
3091738,3,09,'Warding Charm R'
3091739,3,09,'Warding Charm B'
3091740,3,09,'Warding Charm P'
3091741,3,09,'Warding Charm T'
3091742,3,09,'Warding Charm Y'
3091743,3,09,'Wall Fragment'
3091744,3,09,'Basculegion Food'
3091745,3,09,'Old Journal'
3091746,3,09,'Wing Ball'
3091747,3,09,'Jet Ball'
3091748,3,09,'Heavy Ball'
3091749,3,09,'Leaden Ball'
3091750,3,09,'Gigaton Ball'
3091751,3,09,'Wing Ball'
3091752,3,09,'Jet Ball'
3091753,3,09,'Heavy Ball'
3091754,3,09,'Hopo Berry'
3091755,3,09,'Superb Remedy'
3091756,3,09,'Aux Power'
3091757,3,09,'Aux Guard'
3091758,3,09,'Aux Evasion'
3091759,3,09,'Grit Dust'
3091760,3,09,'Grit Gravel'
3091761,3,09,'Grit Pebble'
3091762,3,09,'Grit Rock'
3091763,3,09,'Secret Medicine'
3091764,3,09,'Tempting Charm R'
3091765,3,09,'Lost Satchel'
3091766,3,09,'Lost Satchel'
3091767,3,09,'Lost Satchel'
3091768,3,09,'Lost Satchel'
3091769,3,09,'Lost Satchel'
3091770,3,09,'???'
3091771,3,09,'Origin Ball'
3091772,3,09,'???'
3091773,3,09,'???'
3091774,3,09,'???'
3091775,3,09,'???'
3091776,3,09,'Origin Ore'
3091777,3,09,'Adamant Crystal'
3091778,3,09,'Lustrous Globe'
3091779,3,09,'Griseous Core'
3091780,3,09,'Blank Plate'
3091781,3,09,'???'
3091782,3,09,'Crafting Kit'
3091783,3,09,'Leaden Ball'
3091784,3,09,'Gigaton Ball'
3091785,3,09,'Strange Ball'
3091786,3,09,'Pokédex'
3091787,3,09,'Old Verse 1'
3091788,3,09,'Old Verse 2'
3091789,3,09,'Old Verse 3'
3091790,3,09,'Old Verse 4'
3091791,3,09,'???'
3091792,3,09,'Old Verse 5'
3091793,3,09,'Old Verse 6'
3091794,3,09,'Old Verse 7'
3091795,3,09,'Old Verse 8'
3091796,3,09,'Old Verse 9'
3091797,3,09,'Old Verse 10'
3091798,3,09,'Old Verse 11'
3091799,3,09,'Old Verse 12'
3091800,3,09,'Old Verse 13'
3091801,3,09,'Old Verse 14'
3091802,3,09,'Old Verse 15'
3091803,3,09,'Old Verse 16'
3091804,3,09,'Old Verse 17'
3091805,3,09,'Old Verse 18'
3091806,3,09,'Old Verse 19'
3091807,3,09,'Old Verse 20'
3091808,3,09,'Mysterious Shard S'
3091809,3,09,'Mysterious Shard L'
3091810,3,09,'Digger Drill'
3091811,3,09,'Kanto Slate'
3091812,3,09,'Johto Slate'
3091813,3,09,'Soul Slate'
3091814,3,09,'Rainbow Slate'
3091815,3,09,'Squall Slate'
3091816,3,09,'Oceanic Slate'
3091817,3,09,'Tectonic Slate'
3091818,3,09,'Stratospheric Slate'
3091819,3,09,'Genome Slate'
3091820,3,09,'Discovery Slate'
3091821,3,09,'Distortion Slate'
3091822,3,09,'DS Sounds'
3091823,3,09,'None'
3091824,3,09,'None'
3091825,3,09,'None'
3091826,3,09,'None'
3091827,3,09,'None'
3091828,3,09,'Legend Plate'
3091829,3,09,'Rotom Phone'
3091830,3,09,'Sandwich'
3091831,3,09,'Koraidon's Poké Ball'
3091832,3,09,'Miraidon's Poké Ball'
3091833,3,09,'Tera Orb'
3091834,3,09,'Scarlet Book'
3091835,3,09,'Violet Book'
3091836,3,09,'Kofu's Wallet'
3091837,3,09,'None'
3091838,3,09,'None'
3091839,3,09,'None'
3091840,3,09,'None'
3091841,3,09,'None'
3091842,3,09,'Tiny Bamboo Shoot'
3091843,3,09,'Big Bamboo Shoot'
3091844,3,09,'None'
3091845,3,09,'None'
3091846,3,09,'None'
3091847,3,09,'None'
3091848,3,09,'None'
3091849,3,09,'None'
3091850,3,09,'None'
3091851,3,09,'None'
3091852,3,09,'None'
3091853,3,09,'None'
3091854,3,09,'None'
3091855,3,09,'None'
3091856,3,09,'None'
3091857,3,09,'Scroll of Darkness'
3091858,3,09,'Scroll of Waters'
3091859,3,09,'None'
3091860,3,09,'None'
3091861,3,09,'Malicious Armor'
3091862,3,09,'Normal Tera Shard'
3091863,3,09,'Fire Tera Shard'
3091864,3,09,'Water Tera Shard'
3091865,3,09,'Electric Tera Shard'
3091866,3,09,'Grass Tera Shard'
3091867,3,09,'Ice Tera Shard'
3091868,3,09,'Fighting Tera Shard'
3091869,3,09,'Poison Tera Shard'
3091870,3,09,'Ground Tera Shard'
3091871,3,09,'Flying Tera Shard'
3091872,3,09,'Psychic Tera Shard'
3091873,3,09,'Bug Tera Shard'
3091874,3,09,'Rock Tera Shard'
3091875,3,09,'Ghost Tera Shard'
3091876,3,09,'Dragon Tera Shard'
3091877,3,09,'Dark Tera Shard'
3091878,3,09,'Steel Tera Shard'
3091879,3,09,'Fairy Tera Shard'
3091880,3,09,'Booster Energy'
3091881,3,09,'Ability Shield'
3091882,3,09,'Clear Amulet'
3091883,3,09,'Mirror Herb'
3091884,3,09,'Punching Glove'
3091885,3,09,'Covert Cloak'
3091886,3,09,'Loaded Dice'
3091887,3,09,'None'
3091888,3,09,'Baguette'
3091889,3,09,'Mayonnaise'
3091890,3,09,'Ketchup'
3091891,3,09,'Mustard'
3091892,3,09,'Butter'
3091893,3,09,'Peanut Butter'
3091894,3,09,'Chili Sauce'
3091895,3,09,'Salt'
3091896,3,09,'Pepper'
3091897,3,09,'Yogurt'
3091898,3,09,'Whipped Cream'
3091899,3,09,'Cream Cheese'
3091900,3,09,'Jam'
3091901,3,09,'Marmalade'
3091902,3,09,'Olive Oil'
3091903,3,09,'Vinegar'
3091904,3,09,'Sweet Herba Mystica'
3091905,3,09,'Salty Herba Mystica'
3091906,3,09,'Sour Herba Mystica'
3091907,3,09,'Bitter Herba Mystica'
3091908,3,09,'Spicy Herba Mystica'
3091909,3,09,'Lettuce'
3091910,3,09,'Tomato'
3091911,3,09,'Cherry Tomatoes'
3091912,3,09,'Cucumber'
3091913,3,09,'Pickle'
3091914,3,09,'Onion'
3091915,3,09,'Red Onion'
3091916,3,09,'Green Bell Pepper'
3091917,3,09,'Red Bell Pepper'
3091918,3,09,'Yellow Bell Pepper'
3091919,3,09,'Avocado'
3091920,3,09,'Bacon'
3091921,3,09,'Ham'
3091922,3,09,'Prosciutto'
3091923,3,09,'Chorizo'
3091924,3,09,'Herbed Sausage'
3091925,3,09,'Hamburger'
3091926,3,09,'Klawf Stick'
3091927,3,09,'Smoked Fillet'
3091928,3,09,'Fried Fillet'
3091929,3,09,'Egg'
3091930,3,09,'Potato Tortilla'
3091931,3,09,'Tofu'
3091932,3,09,'Rice'
3091933,3,09,'Noodles'
3091934,3,09,'Potato Salad'
3091935,3,09,'Cheese'
3091936,3,09,'Banana'
3091937,3,09,'Strawberry'
3091938,3,09,'Apple'
3091939,3,09,'Kiwi'
3091940,3,09,'Pineapple'
3091941,3,09,'Jalapeño'
3091942,3,09,'Horseradish'
3091943,3,09,'Curry Powder'
3091944,3,09,'Wasabi'
3091945,3,09,'Watercress'
3091946,3,09,'Basil'
3091947,3,09,'None'
3091948,3,09,'None'
3091949,3,09,'None'
3091950,3,09,'None'
3091951,3,09,'None'
3091952,3,09,'None'
3091953,3,09,'None'
3091954,3,09,'None'
3091955,3,09,'None'
3091956,3,09,'Venonat Fang'
3091957,3,09,'Diglett Dirt'
3091958,3,09,'Meowth Fur'
3091959,3,09,'Psyduck Down'
3091960,3,09,'Mankey Fur'
3091961,3,09,'Growlithe Fur'
3091962,3,09,'Slowpoke Claw'
3091963,3,09,'Magnemite Screw'
3091964,3,09,'Grimer Toxin'
3091965,3,09,'Shellder Pearl'
3091966,3,09,'Gastly Gas'
3091967,3,09,'Drowzee Fur'
3091968,3,09,'Voltorb Sparks'
3091969,3,09,'Scyther Claw'
3091970,3,09,'Tauros Hair'
3091971,3,09,'Magikarp Scales'
3091972,3,09,'Ditto Goo'
3091973,3,09,'Eevee Fur'
3091974,3,09,'Dratini Scales'
3091975,3,09,'Pichu Fur'
3091976,3,09,'Igglybuff Fluff'
3091977,3,09,'Mareep Wool'
3091978,3,09,'Hoppip Leaf'
3091979,3,09,'Sunkern Leaf'
3091980,3,09,'Murkrow Bauble'
3091981,3,09,'Misdreavus Tears'
3091982,3,09,'Girafarig Fur'
3091983,3,09,'Pineco Husk'
3091984,3,09,'Dunsparce Scales'
3091985,3,09,'Qwilfish Spines'
3091986,3,09,'Heracross Claw'
3091987,3,09,'Sneasel Claw'
3091988,3,09,'Teddiursa Claw'
3091989,3,09,'Delibird Parcel'
3091990,3,09,'Houndour Fang'
3091991,3,09,'Phanpy Nail'
3091992,3,09,'Stantler Hair'
3091993,3,09,'Larvitar Claw'
3091994,3,09,'Wingull Feather'
3091995,3,09,'Ralts Dust'
3091996,3,09,'Surskit Syrup'
3091997,3,09,'Shroomish Spores'
3091998,3,09,'Slakoth Fur'
3091999,3,09,'Makuhita Sweat'
3092000,3,09,'Azurill Fur'
3092001,3,09,'Sableye Gem'
3092002,3,09,'Meditite Sweat'
3092003,3,09,'Gulpin Mucus'
3092004,3,09,'Numel Lava'
3092005,3,09,'Torkoal Coal'
3092006,3,09,'Spoink Pearl'
3092007,3,09,'Cacnea Needle'
3092008,3,09,'Swablu Fluff'
3092009,3,09,'Zangoose Claw'
3092010,3,09,'Seviper Fang'
3092011,3,09,'Barboach Slime'
3092012,3,09,'Shuppet Scrap'
3092013,3,09,'Tropius Leaf'
3092014,3,09,'Snorunt Fur'
3092015,3,09,'Luvdisc Scales'
3092016,3,09,'Bagon Scales'
3092017,3,09,'Starly Feather'
3092018,3,09,'Kricketot Shell'
3092019,3,09,'Shinx Fang'
3092020,3,09,'Combee Honey'
3092021,3,09,'Pachirisu Fur'
3092022,3,09,'Buizel Fur'
3092023,3,09,'Shellos Mucus'
3092024,3,09,'Drifloon Gas'
3092025,3,09,'Stunky Fur'
3092026,3,09,'Bronzor Fragment'
3092027,3,09,'Bonsly Tears'
3092028,3,09,'Happiny Dust'
3092029,3,09,'Spiritomb Fragment'
3092030,3,09,'Gible Scales'
3092031,3,09,'Riolu Fur'
3092032,3,09,'Hippopotas Sand'
3092033,3,09,'Croagunk Poison'
3092034,3,09,'Finneon Scales'
3092035,3,09,'Snover Berries'
3092036,3,09,'Rotom Sparks'
3092037,3,09,'Petilil Leaf'
3092038,3,09,'Basculin Fang'
3092039,3,09,'Sandile Claw'
3092040,3,09,'Zorua Fur'
3092041,3,09,'Gothita Eyelash'
3092042,3,09,'Deerling Hair'
3092043,3,09,'Foongus Spores'
3092044,3,09,'Alomomola Mucus'
3092045,3,09,'Tynamo Slime'
3092046,3,09,'Axew Scales'
3092047,3,09,'Cubchoo Fur'
3092048,3,09,'Cryogonal Ice'
3092049,3,09,'Pawniard Blade'
3092050,3,09,'Rufflet Feather'
3092051,3,09,'Deino Scales'
3092052,3,09,'Larvesta Fuzz'
3092053,3,09,'Fletchling Feather'
3092054,3,09,'Scatterbug Powder'
3092055,3,09,'Litleo Tuft'
3092056,3,09,'Flabébé Pollen'
3092057,3,09,'Skiddo Leaf'
3092058,3,09,'Skrelp Kelp'
3092059,3,09,'Clauncher Claw'
3092060,3,09,'Hawlucha Down'
3092061,3,09,'Dedenne Fur'
3092062,3,09,'Goomy Goo'
3092063,3,09,'Klefki Key'
3092064,3,09,'Bergmite Ice'
3092065,3,09,'Noibat Fur'
3092066,3,09,'Yungoos Fur'
3092067,3,09,'Crabrawler Shell'
3092068,3,09,'Oricorio Feather'
3092069,3,09,'Rockruff Rock'
3092070,3,09,'Mareanie Spike'
3092071,3,09,'Mudbray Mud'
3092072,3,09,'Fomantis Leaf'
3092073,3,09,'Salandit Gas'
3092074,3,09,'Bounsweet Sweat'
3092075,3,09,'Oranguru Fur'
3092076,3,09,'Passimian Fur'
3092077,3,09,'Sandygast Sand'
3092078,3,09,'Komala Claw'
3092079,3,09,'Mimikyu Scrap'
3092080,3,09,'Bruxish Tooth'
3092081,3,09,'Chewtle Claw'
3092082,3,09,'Skwovet Fur'
3092083,3,09,'Arrokuda Scales'
3092084,3,09,'Rookidee Feather'
3092085,3,09,'Toxel Sparks'
3092086,3,09,'Falinks Sweat'
3092087,3,09,'Cufant Tarnish'
3092088,3,09,'Rolycoly Coal'
3092089,3,09,'Silicobra Sand'
3092090,3,09,'Indeedee Fur'
3092091,3,09,'Pincurchin Spines'
3092092,3,09,'Snom Thread'
3092093,3,09,'Impidimp Hair'
3092094,3,09,'Applin Juice'
3092095,3,09,'Sinistea Chip'
3092096,3,09,'Hatenna Dust'
3092097,3,09,'Stonjourner Stone'
3092098,3,09,'Eiscue Down'
3092099,3,09,'Dreepy Powder'
3092100,3,09,'None'
3092101,3,09,'None'
3092102,3,09,'None'
3092103,3,09,'Lechonk Hair'
3092104,3,09,'Tarountula Thread'
3092105,3,09,'Nymble Claw'
3092106,3,09,'Rellor Mud'
3092107,3,09,'Greavard Wax'
3092108,3,09,'Flittle Down'
3092109,3,09,'Wiglett Sand'
3092110,3,09,'Dondozo Whisker'
3092111,3,09,'Veluza Fillet'
3092112,3,09,'Finizen Mucus'
3092113,3,09,'Smoliv Oil'
3092114,3,09,'Capsakid Seed'
3092115,3,09,'Tadbulb Mucus'
3092116,3,09,'Varoom Fume'
3092117,3,09,'Orthworm Tarnish'
3092118,3,09,'Tandemaus Fur'
3092119,3,09,'Cetoddle Grease'
3092120,3,09,'Frigibax Scales'
3092121,3,09,'Tatsugiri Scales'
3092122,3,09,'Cyclizar Scales'
3092123,3,09,'Pawmi Fur'
3092124,3,09,'None'
3092125,3,09,'None'
3092126,3,09,'Wattrel Feather'
3092127,3,09,'Bombirdier Feather'
3092128,3,09,'Squawkabilly Feather'
3092129,3,09,'Flamigo Down'
3092130,3,09,'Klawf Claw'
3092131,3,09,'Nacli Salt'
3092132,3,09,'Glimmet Crystal'
3092133,3,09,'Shroodle Ink'
3092134,3,09,'Fidough Fur'
3092135,3,09,'Maschiff Fang'
3092136,3,09,'Bramblin Twig'
3092137,3,09,'Gimmighoul Coin'
3092138,3,09,'None'
3092139,3,09,'None'
3092140,3,09,'None'
3092141,3,09,'None'
3092142,3,09,'None'
3092143,3,09,'None'
3092144,3,09,'None'
3092145,3,09,'None'
3092146,3,09,'None'
3092147,3,09,'None'
3092148,3,09,'None'
3092149,3,09,'None'
3092150,3,09,'None'
3092151,3,09,'None'
3092152,3,09,'None'
3092153,3,09,'None'
3092154,3,09,'None'
3092155,3,09,'None'
3092156,3,09,'Tinkatink Hair'
3092157,3,09,'Charcadet Soot'
3092158,3,09,'Toedscool Flaps'
3092159,3,09,'Wooper Slime'
3092160,3,09,'TM100'
3092161,3,09,'TM101'
3092162,3,09,'TM102'
3092163,3,09,'TM103'
3092164,3,09,'TM104'
3092165,3,09,'TM105'
3092166,3,09,'TM106'
3092167,3,09,'TM107'
3092168,3,09,'TM108'
3092169,3,09,'TM109'
3092170,3,09,'TM110'
3092171,3,09,'TM111'
3092172,3,09,'TM112'
3092173,3,09,'TM113'
3092174,3,09,'TM114'
3092175,3,09,'TM115'
3092176,3,09,'TM116'
3092177,3,09,'TM117'
3092178,3,09,'TM118'
3092179,3,09,'TM119'
3092180,3,09,'TM120'
3092181,3,09,'TM121'
3092182,3,09,'TM122'
3092183,3,09,'TM123'
3092184,3,09,'TM124'
3092185,3,09,'TM125'
3092186,3,09,'TM126'
3092187,3,09,'TM127'
3092188,3,09,'TM128'
3092189,3,09,'TM129'
3092190,3,09,'TM130'
3092191,3,09,'TM131'
3092192,3,09,'TM132'
3092193,3,09,'TM133'
3092194,3,09,'TM134'
3092195,3,09,'TM135'
3092196,3,09,'TM136'
3092197,3,09,'TM137'
3092198,3,09,'TM138'
3092199,3,09,'TM139'
3092200,3,09,'TM140'
3092201,3,09,'TM141'
3092202,3,09,'TM142'
3092203,3,09,'TM143'
3092204,3,09,'TM144'
3092205,3,09,'TM145'
3092206,3,09,'TM146'
3092207,3,09,'TM147'
3092208,3,09,'TM148'
3092209,3,09,'TM149'
3092210,3,09,'TM150'
3092211,3,09,'TM151'
3092212,3,09,'TM152'
3092213,3,09,'TM153'
3092214,3,09,'TM154'
3092215,3,09,'TM155'
3092216,3,09,'TM156'
3092217,3,09,'TM157'
3092218,3,09,'TM158'
3092219,3,09,'TM159'
3092220,3,09,'TM160'
3092221,3,09,'TM161'
3092222,3,09,'TM162'
3092223,3,09,'TM163'
3092224,3,09,'TM164'
3092225,3,09,'TM165'
3092226,3,09,'TM166'
3092227,3,09,'TM167'
3092228,3,09,'TM168'
3092229,3,09,'TM169'
3092230,3,09,'TM170'
3092231,3,09,'TM171'
3092232,3,09,'TM172'
3092233,3,09,'TM173'
3092234,3,09,'TM174'
3092235,3,09,'TM175'
3092236,3,09,'TM176'
3092237,3,09,'TM177'
3092238,3,09,'TM178'
3092239,3,09,'TM179'
3092240,3,09,'TM180'
3092241,3,09,'TM181'
3092242,3,09,'TM182'
3092243,3,09,'TM183'
3092244,3,09,'TM184'
3092245,3,09,'TM185'
3092246,3,09,'TM186'
3092247,3,09,'TM187'
3092248,3,09,'TM188'
3092249,3,09,'TM189'
3092250,3,09,'TM190'
3092251,3,09,'TM191'
3092252,3,09,'TM192'
3092253,3,09,'TM193'
3092254,3,09,'TM194'
3092255,3,09,'TM195'
3092256,3,09,'TM196'
3092257,3,09,'TM197'
3092258,3,09,'TM198'
3092259,3,09,'TM199'
3092260,3,09,'TM200'
3092261,3,09,'TM201'
3092262,3,09,'TM202'
3092263,3,09,'TM203'
3092264,3,09,'TM204'
3092265,3,09,'TM205'
3092266,3,09,'TM206'
3092267,3,09,'TM207'
3092268,3,09,'TM208'
3092269,3,09,'TM209'
3092270,3,09,'TM210'
3092271,3,09,'TM211'
3092272,3,09,'TM212'
3092273,3,09,'TM213'
3092274,3,09,'TM214'
3092275,3,09,'TM215'
3092276,3,09,'TM216'
3092277,3,09,'TM217'
3092278,3,09,'TM218'
3092279,3,09,'TM219'
3092280,3,09,'TM220'
3092281,3,09,'TM221'
3092282,3,09,'TM222'
3092283,3,09,'TM223'
3092284,3,09,'TM224'
3092285,3,09,'TM225'
3092286,3,09,'TM226'
3092287,3,09,'TM227'
3092288,3,09,'TM228'
3092289,3,09,'TM229'
3092290,3,09,'None'
3092291,3,09,'None'
3092292,3,09,'None'
3092293,3,09,'None'
3092294,3,09,'None'
3092295,3,09,'None'
3092296,3,09,'None'
3092297,3,09,'None'
3092298,3,09,'None'
3092299,3,09,'None'
3092300,3,09,'None'
3092301,3,09,'None'
3092302,3,09,'None'
3092303,3,09,'None'
3092304,3,09,'None'
3092305,3,09,'None'
3092306,3,09,'None'
3092307,3,09,'None'
3092308,3,09,'None'
3092309,3,09,'None'
3092310,3,09,'None'
3092311,3,09,'Picnic Set'
3092312,3,09,'None'
3092313,3,09,'Academy Bottle'
3092314,3,09,'Academy Bottle'
3092315,3,09,'Polka-Dot Bottle'
3092316,3,09,'Striped Bottle'
3092317,3,09,'Diamond Bottle'
3092318,3,09,'Academy Cup'
3092319,3,09,'Academy Cup'
3092320,3,09,'Striped Cup'
3092321,3,09,'Polka-Dot Cup'
3092322,3,09,'Flower Pattern Cup'
3092323,3,09,'Academy Tablecloth'
3092324,3,09,'Academy Tablecloth'
3092325,3,09,'Whimsical Tablecloth'
3092326,3,09,'Leafy Tablecloth'
3092327,3,09,'Spooky Tablecloth'
3092328,3,09,'None'
3092329,3,09,'Academy Ball'
3092330,3,09,'Academy Ball'
3092331,3,09,'Marill Ball'
3092332,3,09,'Yarn Ball'
3092333,3,09,'Cyber Ball'
3092334,3,09,'Gold Pick'
3092335,3,09,'Silver Pick'
3092336,3,09,'Red-Flag Pick'
3092337,3,09,'Blue-Flag Pick'
3092338,3,09,'Pika-Pika Pick'
3092339,3,09,'Winking Pika Pick'
3092340,3,09,'Vee-Vee Pick'
3092341,3,09,'Smiling Vee Pick'
3092342,3,09,'Blue Poké Ball Pick'
3092343,3,09,'None'
3092344,3,09,'Auspicious Armor'
3092345,3,09,'Leader's Crest'
3092346,3,09,'None'
3092347,3,09,'None'
3092348,3,09,'Pink Bottle'
3092349,3,09,'Blue Bottle'
3092350,3,09,'Yellow Bottle'
3092351,3,09,'Steel Bottle (R)'
3092352,3,09,'Steel Bottle (Y)'
3092353,3,09,'Steel Bottle (B)'
3092354,3,09,'Silver Bottle'
3092355,3,09,'Barred Cup'
3092356,3,09,'Diamond Pattern Cup'
3092357,3,09,'Fire Pattern Cup'
3092358,3,09,'Pink Cup'
3092359,3,09,'Blue Cup'
3092360,3,09,'Yellow Cup'
3092361,3,09,'Pikachu Cup'
3092362,3,09,'Eevee Cup'
3092363,3,09,'Slowpoke Cup'
3092364,3,09,'Silver Cup'
3092365,3,09,'Exercise Ball'
3092366,3,09,'Plaid Tablecloth (Y)'
3092367,3,09,'Plaid Tablecloth (B)'
3092368,3,09,'Plaid Tablecloth (R)'
3092369,3,09,'B&W Grass Tablecloth'
3092370,3,09,'Battle Tablecloth'
3092371,3,09,'Monstrous Tablecloth'
3092372,3,09,'Striped Tablecloth'
3092373,3,09,'Diamond Tablecloth'
3092374,3,09,'Polka-Dot Tablecloth'
3092375,3,09,'Lilac Tablecloth'
3092376,3,09,'Mint Tablecloth'
3092377,3,09,'Peach Tablecloth'
3092378,3,09,'Yellow Tablecloth'
3092379,3,09,'Blue Tablecloth'
3092380,3,09,'Pink Tablecloth'
3092381,3,09,'Gold Bottle'
3092382,3,09,'Bronze Bottle'
3092383,3,09,'Gold Cup'
3092384,3,09,'Bronze Cup'
3092385,3,09,'Green Poké Ball Pick'
3092386,3,09,'Red Poké Ball Pick'
3092387,3,09,'Party Sparkler Pick'
3092388,3,09,'Heroic Sword Pick'
3092389,3,09,'Magical Star Pick'
3092390,3,09,'Magical Heart Pick'
3092391,3,09,'Parasol Pick'
3092392,3,09,'Blue-Sky Flower Pick'
3092393,3,09,'Sunset Flower Pick'
3092394,3,09,'Sunrise Flower Pick'
3092395,3,09,'Blue Dish'
3092396,3,09,'Green Dish'
3092397,3,09,'Orange Dish'
3092398,3,09,'Red Dish'
3092399,3,09,'White Dish'
3092400,3,09,'Yellow Dish'
3092401,3,09,'Fairy Feather'
3092402,3,09,'Syrupy Apple'
3092403,3,09,'Unremarkable Teacup'
3092404,3,09,'Masterpiece Teacup'
3092405,3,09,'Teal Mask'
3092406,3,09,'Cornerstone Mask'
3092407,3,09,'Wellspring Mask'
3092408,3,09,'Hearthflame Mask'
3092409,3,09,'Teal Style Card'
3092410,3,09,'Crystal Cluster'
3092411,3,09,'Health Mochi'
3092412,3,09,'Muscle Mochi'
3092413,3,09,'Resist Mochi'
3092414,3,09,'Genius Mochi'
3092415,3,09,'Clever Mochi'
3092416,3,09,'Swift Mochi'
3092417,3,09,'Simple Chairs'
3092418,3,09,'Academy Chairs'
3092419,3,09,'Academy Chairs'
3092420,3,09,'Whimsical Chairs'
3092421,3,09,'Leafy Chairs'
3092422,3,09,'Spooky Chairs'
3092423,3,09,'Plaid Chairs (Y)'
3092424,3,09,'Plaid Chairs (B)'
3092425,3,09,'Plaid Chairs (R)'
3092426,3,09,'B&W Grass Chairs'
3092427,3,09,'Battle Chairs'
3092428,3,09,'Monstrous Chairs'
3092429,3,09,'Striped Chairs'
3092430,3,09,'Diamond Chairs'
3092431,3,09,'Polka-Dot Chairs'
3092432,3,09,'Lilac Chairs'
3092433,3,09,'Mint Chairs'
3092434,3,09,'Peach Chairs'
3092435,3,09,'Yellow Chairs'
3092436,3,09,'Blue Chairs'
3092437,3,09,'Pink Chairs'
3092438,3,09,'Ekans Fang'
3092439,3,09,'Sandshrew Claw'
3092440,3,09,'Cleffa Fur'
3092441,3,09,'Vulpix Fur'
3092442,3,09,'Poliwag Slime'
3092443,3,09,'Bellsprout Vine'
3092444,3,09,'Geodude Fragment'
3092445,3,09,'Koffing Gas'
3092446,3,09,'Munchlax Fang'
3092447,3,09,'Sentret Fur'
3092448,3,09,'Hoothoot Feather'
3092449,3,09,'Spinarak Thread'
3092450,3,09,'Aipom Hair'
3092451,3,09,'Yanma Spike'
3092452,3,09,'Gligar Fang'
3092453,3,09,'Slugma Lava'
3092454,3,09,'Swinub Hair'
3092455,3,09,'Poochyena Fang'
3092456,3,09,'Lotad Leaf'
3092457,3,09,'Seedot Stem'
3092458,3,09,'Nosepass Fragment'
3092459,3,09,'Volbeat Fluid'
3092460,3,09,'Illumise Fluid'
3092461,3,09,'Corphish Shell'
3092462,3,09,'Feebas Scales'
3092463,3,09,'Duskull Fragment'
3092464,3,09,'Chingling Fragment'
3092465,3,09,'Timburr Sweat'
3092466,3,09,'Sewaddle Leaf'
3092467,3,09,'Ducklett Feather'
3092468,3,09,'Litwick Soot'
3092469,3,09,'Mienfoo Claw'
3092470,3,09,'Vullaby Feather'
3092471,3,09,'Carbink Jewel'
3092472,3,09,'Phantump Twig'
3092473,3,09,'Grubbin Thread'
3092474,3,09,'Cutiefly Powder'
3092475,3,09,'Jangmo-o Scales'
3092476,3,09,'Cramorant Down'
3092477,3,09,'Morpeko Snack'
3092478,3,09,'Poltchageist Powder'
3092479,3,09,'Fresh-Start Mochi'
3092480,3,09,'Roto-Stick'
3092481,3,09,'Glimmering Charm'
3092482,3,09,'Metal Alloy'
3092483,3,09,'Indigo Style Card'
3092484,3,09,'Oddish Leaf'
3092485,3,09,'Tentacool Stinger'
3092486,3,09,'Doduo Down'
3092487,3,09,'Seel Fur'
3092488,3,09,'Exeggcute Shell'
3092489,3,09,'Tyrogue Sweat'
3092490,3,09,'Rhyhorn Fang'
3092491,3,09,'Horsea Ink'
3092492,3,09,'Elekid Fur'
3092493,3,09,'Magby Hair'
3092494,3,09,'Lapras Teardrop'
3092495,3,09,'Porygon Fragment'
3092496,3,09,'Chinchou Sparks'
3092497,3,09,'Snubbull Hair'
3092498,3,09,'Skarmory Feather'
3092499,3,09,'Smeargle Paint'
3092500,3,09,'Plusle Fur'
3092501,3,09,'Minun Fur'
3092502,3,09,'Trapinch Shell'
3092503,3,09,'Beldum Claw'
3092504,3,09,'Cranidos Spike'
3092505,3,09,'Shieldon Claw'
3092506,3,09,'Blitzle Mane Hair'
3092507,3,09,'Drilbur Claw'
3092508,3,09,'Cottonee Fluff'
3092509,3,09,'Scraggy Sweat'
3092510,3,09,'Minccino Fur'
3092511,3,09,'Solosis Gel'
3092512,3,09,'Joltik Thread'
3092513,3,09,'Golett Shard'
3092514,3,09,'Espurr Fur'
3092515,3,09,'Inkay Ink'
3092516,3,09,'Pikipek Feather'
3092517,3,09,'Dewpider Thread'
3092518,3,09,'Comfey Flower'
3092519,3,09,'Minior Shell'
3092520,3,09,'Milcery Cream'
3092521,3,09,'Duraludon Tarnish'
3092522,3,09,'Articuno Treat'
3092523,3,09,'Zapdos Treat'
3092524,3,09,'Moltres Treat'
3092525,3,09,'Raikou Treat'
3092526,3,09,'Entei Treat'
3092527,3,09,'Suicune Treat'
3092528,3,09,'Lugia Treat'
3092529,3,09,'Ho-Oh Treat'
3092530,3,09,'Latias Treat'
3092531,3,09,'Latios Treat'
3092532,3,09,'Kyogre Treat'
3092533,3,09,'Groudon Treat'
3092534,3,09,'Rayquaza Treat'
3092535,3,09,'Cobalion Treat'
3092536,3,09,'Terrakion Treat'
3092537,3,09,'Virizion Treat'
3092538,3,09,'Reshiram Treat'
3092539,3,09,'Zekrom Treat'
3092540,3,09,'Kyurem Treat'
3092541,3,09,'Solgaleo Treat'
3092542,3,09,'Lunala Treat'
3092543,3,09,'Necrozma Treat'
3092544,3,09,'Kubfu Treat'
3092545,3,09,'Glastrier Treat'
3092546,3,09,'Spectrier Treat'
3092547,3,09,'Indigo Disk'
3092548,3,09,'Fiery Pick'
3092549,3,09,'Stellar Tera Shard'
3092550,3,09,'Mythical Pecha Berry'
3092551,3,09,'Blueberry Tablecloth'
3092552,3,09,'Blueberry Chairs'
3092553,3,09,'Synchro Machine'
3092554,3,09,'Meteorite'
3092555,3,09,'Scarlet Book'
3092556,3,09,'Violet Book'
3092557,3,09,'Briar's Book'